id,material_id,pretty_formula
1,mp-1001615,LiZrSe2
2,mp-1001787,LiRh3
3,mp-1001835,LiB
4,mp-1006328,LiCeSn
5,mp-1018026,LiAg
6,mp-1018133,LiHPd
7,mp-1018761,Li3CeSb2
8,mp-1018762,Li3CeBi2
9,mp-1018766,Li3LaAs2
10,mp-1018768,Li3LaBi2
11,mp-1018781,Li3SmSb2
12,mp-1018782,Li3YBi2
13,mp-1020013,Li2S2O7
14,mp-1020014,Li3B11O18
15,mp-1020059,LiGe2N3
16,mp-1021323,LiC12
17,mp-1029251,LiRuN
18,mp-1029338,LiV2N3
19,mp-1029522,Li7SbN4
20,mp-1029739,Li6FeN4
21,mp-1029826,Li6OsN4
22,mp-1029903,LiNbN2
23,mp-1067,LiAl
24,mp-1077191,Li2Tl
25,mp-1077469,Li3GdBi2
26,mp-1078961,LiTbGe
27,mp-1079483,LiAuF6
28,mp-1079855,LiPd7
29,mp-1094598,Li3Mg
30,mp-1094889,LiMg
31,mp-1095265,LiYbBi
32,mp-1095291,Li2SnSe3
33,mp-1095406,Ba3(LiSb)4
34,mp-1095425,LiEuSb
35,mp-1097065,Li2HfN2
36,mp-1098000,LiEu3O4
37,mp-1104121,Li2La2Si3
38,mp-1105393,Li7(Eu2Bi3)2
39,mp-11171,LiRhF6
40,mp-11247,Li3Au
41,mp-11248,LiAu3
42,mp-11305,Li2CdPb
43,mp-1138,LiF
44,mp-11489,Li3Pd
45,mp-11512,LiAl2Ir
46,mp-1153,Li2S
47,mp-11743,LiYGa4
48,mp-1176792,LiAgF2
49,mp-1177695,Li3CuS2
50,mp-11807,LiPt
51,mp-1184972,Li2InBi
52,mp-1184978,Li2InHg
53,mp-1184985,Li2InPb
54,mp-1185207,LiCdHg2
55,mp-1185263,LiPaO3
56,mp-1185294,LiAc2Pb
57,mp-1185305,LiGePt2
58,mp-1185319,LiCl
59,mp-1185359,LiMg2Cd
60,mp-1185365,LiMg2Au
61,mp-1185374,LiMgPb2
62,mp-1185392,LiGd2Al
63,mp-1185409,LiPmGa2
64,mp-1185418,LiZnPt2
65,mp-1185421,LiZnNi2
66,mp-1185422,LiZn2Ag
67,mp-1185434,LiSnPt2
68,mp-1185462,LiThRh2
69,mp-1185609,LiGd2Rh
70,mp-1188187,Li3(ZnSn2)2
71,mp-1188344,CsLiCl2
72,mp-1188392,LiInS2
73,mp-1190624,LiLuSn
74,mp-1190768,LiSmSn
75,mp-1190809,Li8TeN2
76,mp-1191877,LiGdSn
77,mp-1192002,LiHoSn
78,mp-1192133,LiBH4
79,mp-1194726,Li2Se2O7
80,mp-1195042,Sr19Li44
81,mp-1195831,Li(HoGe)4
82,mp-1195868,LiCeF5
83,mp-1196169,LiThF5
84,mp-1197547,Li15Pd4
85,mp-1201871,Li7Si3
86,mp-12029,Li2CuP
87,mp-1205739,Li2SnF6
88,mp-1205878,LiLuGe
89,mp-1205902,Li5(CuGe)2
90,mp-1205930,Li5Ga4
91,mp-1206595,LiTiSe2
92,mp-1206794,LiAu
93,mp-1206962,LiTaF6
94,mp-1210753,Li2Al
95,mp-1210877,Li2TcO3
96,mp-1211048,Li2Pr5Sn7
97,mp-1211055,LiPt3O4
98,mp-1211140,Li8Ag5
99,mp-1211142,Li5IO6
100,mp-1211143,LiEuP
101,mp-1211433,Li6Yb17Hg9
102,mp-1211465,Li3NiF6
103,mp-1211496,Li(TmGe)4
104,mp-1211673,Li7Mg8Zn9
105,mp-1212343,Li22(Cu3Si2)7
106,mp-1213704,Cs3LiPb4
107,mp-1222296,LiSmS2
108,mp-1222392,LiUI6
109,mp-1222404,LiBiS2
110,mp-1222413,LiB3
111,mp-1222490,Li4(CdSb)5
112,mp-1222492,Li3ErBr6
113,mp-1222600,Li2ZnSn
114,mp-1222613,Li2MgTl
115,mp-1222617,Li2ZnCu3
116,mp-1222646,Li2MgHg
117,mp-1222647,Li2MgGa
118,mp-1222648,Li2MgCd
119,mp-1222651,Li2MgGe
120,mp-1222657,Li2GePd
121,mp-1222769,Li2Ga7
122,mp-1222772,Li(TiTe2)5
123,mp-1222798,Li14MgSi4
124,mp-12283,Li5Tl2
125,mp-1235059,LiO8
126,mp-12403,LiBF4
127,mp-1245798,LiFeN
128,mp-12558,LiMgAs
129,mp-12645,LiHoO2
130,mp-12716,LiTlPd2
131,mp-12815,Na2LiAu3
132,mp-1307,LiGa
133,mp-13139,SrLiGe2
134,mp-1314,Li12Si7
135,mp-13276,SrLiP
136,mp-13277,BaLiP
137,mp-135,Li
138,mp-13914,LiCo2Ge
139,mp-13944,Li3AlN2
140,mp-13986,Li2PtF6
141,mp-14115,LiRhO2
142,mp-14208,LiYSi
143,mp-14209,LiYGe
144,mp-1437,LiCd
145,mp-14495,Li6ZnO4
146,mp-14827,Li7NbN4
147,mp-15349,Li2GeO3
148,mp-15521,Ba2LiSi3
149,mp-15686,Li2CuAs
150,mp-15753,Ba3(LiAs)4
151,mp-15788,LiYS2
152,mp-15789,LiDyS2
153,mp-15790,LiHoS2
154,mp-15793,LiTbSe2
155,mp-15796,LiHoSe2
156,mp-15797,LiErSe2
157,mp-15822,LiSmGe
158,mp-15885,Li2US3
159,mp-15949,Li(NiGe)6
160,mp-15950,Li(SiNi)6
161,mp-16238,Li2AgSb
162,mp-16343,LiInGe
163,mp-1646,Li3Hg
164,mp-16506,Li3Al2
165,mp-16648,LiSn4Rh
166,mp-1777,Li15Ge4
167,mp-18793,LiCrO2
168,mp-1934,LiZn
169,mp-19511,Li5FeO4
170,mp-1960,Li2O
171,mp-19970,Li3CuO3
172,mp-20049,LiFeP
173,mp-2012,LiHg
174,mp-20187,LiInSe2
175,mp-20265,LiIn2Pt
176,mp-2074,Li3Sb
177,mp-20782,LiInTe2
178,mp-20998,LiCaPb
179,mp-21026,Li2InPt
180,mp-21029,Li2InPd
181,mp-21242,LiYbPb
182,mp-21293,Li3In2
183,mp-21297,LiSn4Ru
184,mp-21332,LiGdO2
185,mp-2170,Li2Pt
186,mp-22439,Li2MoF6
187,mp-22450,Li2PbO3
188,mp-22460,LiIn
189,mp-2251,Li3N
190,mp-2286,Li2Se
191,mp-22902,LiBi
192,mp-22983,LiAlCl4
193,mp-2314,LiPb
194,mp-23222,Li3Bi
195,mp-23384,LiIO3
196,mp-23702,LiH2N
197,mp-23703,LiH
198,mp-23856,LiHO
199,mp-24199,LiHF2
200,mp-2530,Li2Te
201,mp-2659,LiN3
202,mp-27275,Li3BO3
203,mp-2744,LiPd
204,mp-27454,BaLi2Si
205,mp-27487,Li2ThN2
206,mp-27587,Li8Pb3
207,mp-27687,LiP7
208,mp-27811,Li2Te2O5
209,mp-279,LiIr
210,mp-27932,Li9Ge4
211,mp-28030,Li8Nb2O9
212,mp-28336,Li3P7
213,mp-28341,LiGaCl4
214,mp-28471,Li3AsS3
215,mp-28510,Li3BiO3
216,mp-28603,NaLiSe
217,mp-28623,Li4Ge5O12
218,mp-28628,Li3FeN2
219,mp-28989,Li10BrN3
220,mp-29025,Li5Br2N
221,mp-29077,LiBiO3
222,mp-29210,Li2Ga
223,mp-2931,Li2TiO3
224,mp-29344,LiGaCl3
225,mp-29364,Li5SbO5
226,mp-29463,LiBeN
227,mp-29520,LiAuI4
228,mp-29633,LiGePd2
229,mp-29720,Li21Si5
230,mp-29829,LiAuS
231,mp-2988,Li2GaRh
232,mp-29892,LiSb3O8
233,mp-29985,LiNb6Cl19
234,mp-30228,Li4HN
235,mp-30249,Li4GeS4
236,mp-30301,LiClO4
237,mp-30344,Li2InAg
238,mp-30392,Li2InAu
239,mp-30404,Li2SbAu
240,mp-30405,Li2SnAu
241,mp-3054,Li2CO3
242,mp-30738,LiIr3
243,mp-30760,Li3Pb
244,mp-30761,Li7Pb2
245,mp-30765,LiPt7
246,mp-30767,Li7Sn2
247,mp-30769,Li13Sn5
248,mp-30817,LiAl2Pd
249,mp-30819,LiAl2Pt
250,mp-30959,LiHS
251,mp-31194,Li13(Ga7Cu2)3
252,mp-31301,LiSn4Au3
253,mp-31324,Li2In
254,mp-31443,Li2InIr
255,mp-31496,Li2Sn2Au
256,mp-3158,Li2SbPt
257,mp-3201,Li2GaPd
258,mp-3524,LiPN2
259,mp-35388,LiSmSe2
260,mp-3540,Li2SnO3
261,mp-36111,LiMgP
262,mp-3726,Li2GaPt
263,mp-37620,LiMnO2
264,mp-37692,Li3RuO4
265,mp-3770,Li2Ce2Ge3
266,mp-37906,LiMgN
267,mp-3887,Li3GaN2
268,mp-4002,Li2ZrF6
269,mp-4107,Li(CoGe)6
270,mp-4117,Li2Si2O5
271,mp-4426,Li4SeO5
272,mp-4527,Li8SnO6
273,mp-4630,Li2RuO3
274,mp-4855,Li2SeO4
275,mp-4913,LiGa2Rh
276,mp-5001,Li3BN2
277,mp-5012,Li2SiO3
278,mp-504790,LiYSn
279,mp-5061,Li5ReO6
280,mp-5077,NaLi2Sb
281,mp-510430,Li13In3
282,mp-5159,LiGa2Pd
283,mp-530262,Li15Cr2N9
284,mp-530399,LiAl5O8
285,mp-531553,Li5GeN3
286,mp-531826,Li2PtO3
287,mp-532085,Li2IrO3
288,mp-540803,Sr3(LiSb)4
289,mp-541001,LiInI4
290,mp-5419,LiGa2Ir
291,mp-554442,LiAuF4
292,mp-557403,LiFe2F6
293,mp-558059,LiMnF4
294,mp-558731,Li2TeS3
295,mp-5614,Li3BS3
296,mp-561430,LiLuF4
297,mp-5670,LiTi2O4
298,mp-567347,Li2AgSn
299,mp-567395,Li15Au4
300,mp-567787,LiInAg2
301,mp-567967,LiGaI4
302,mp-568404,Li9Al4
303,mp-569025,Ba19Na29Li13
304,mp-569073,LiSn
305,mp-570097,Sr(Li2P)2
306,mp-570466,Li2Ca
307,mp-570935,LiI
308,mp-571109,Li2Nd2Si3
309,mp-573471,Li17Sn4
310,mp-574275,Li17Pb4
311,mp-5769,Li3SbO4
312,mp-581678,LiEu2Si3
313,mp-5832,Li2Ge7O15
314,mp-5840,LiScO2
315,mp-5854,LiGaO2
316,mp-5920,LiAlGe
317,mp-600561,LiRh
318,mp-638690,Li2Y5In9
319,mp-672287,Li13Si4
320,mp-676109,Li3InCl6
321,mp-676780,LiMn9Se10
322,mp-680395,Li3As7
323,mp-680436,Rb2LiSn4
324,mp-685991,Li5SiP3
325,mp-686129,Li5TiN3
326,mp-686208,Li5SiN3
327,mp-691115,Li4Mn5O12
328,mp-699284,Li2HN
329,mp-7020,LiYO2
330,mp-7137,LiTbO2
331,mp-728,Li2Pd
332,mp-7298,Li(CuP)2
333,mp-736,Li3P
334,mp-7396,Li3Tl
335,mp-752752,LiMnF6
336,mp-753571,LiVF6
337,mp-753861,Li2VF6
338,mp-754000,Li2VF5
339,mp-754534,Li2CeO3
340,mp-754870,Li2RhO3
341,mp-755352,Li2HfO3
342,mp-755664,Li2(TaS2)3
343,mp-755709,LiFeO2
344,mp-756316,Li3SbS4
345,mp-757,Li3As
346,mp-7575,LiZnN
347,mp-7594,CsLiF2
348,mp-759464,Li3VF6
349,mp-759647,LiWF6
350,mp-760825,LiCu3F10
351,mp-7638,LiTa3O8
352,mp-765413,Li2AgF6
353,mp-765559,LiAgF4
354,mp-7661,Li2RhF6
355,mp-766540,Li4TiS4
356,mp-771155,Li7Co5O12
357,mp-772185,Li6Hf2O7
358,mp-772215,LiNb8O10
359,mp-774941,Li(NiO2)2
360,mp-777667,LiV2O5
361,mp-7791,Li2GeF6
362,mp-7874,LiGaGe
363,mp-7941,Li6TeO6
364,mp-7943,LiAs
365,mp-795,LiSi
366,mp-8132,Li(TiSe2)3
367,mp-8204,LiAlB14
368,mp-8405,Li3LaSb2
369,mp-8406,Li3NdAs2
370,mp-8407,Li3LaP2
371,mp-841,Li2O2
372,mp-8430,KLiS
373,mp-8609,Li6UO6
374,mp-861625,LiZnAg2
375,mp-861658,LiMnPt2
376,mp-861663,LiRh2Pb
377,mp-861665,LiTmIn2
378,mp-861874,LiHoHg2
379,mp-861893,Li2LaPb
380,mp-861900,LiGaAu2
381,mp-861931,LiPt3
382,mp-861936,LiPd3
383,mp-861948,LiPm2Al
384,mp-861951,LiTaRh2
385,mp-861955,LiPm2Ge
386,mp-861963,LiLu2Os
387,mp-862296,LiAlPt2
388,mp-862297,LiAlRh2
389,mp-862321,LiAsPd2
390,mp-862492,LiErTl2
391,mp-862549,LiAcTl2
392,mp-862554,LiEr2Ir
393,mp-862555,LiY2Al
394,mp-862558,LiEr2Os
395,mp-862618,LiErHg2
396,mp-862632,LiCa2Al
397,mp-862658,LiCu3
398,mp-862661,LiEr2Ru
399,mp-862684,LiHf2Os
400,mp-862716,LiAg3
401,mp-862717,LiAlAu2
402,mp-862764,LiCa2Rh
403,mp-862765,LiGd2Ir
404,mp-862774,LiInPt2
405,mp-862841,LiPm2Os
406,mp-862887,LiSc2Os
407,mp-862926,LiPmAu2
408,mp-862928,LiPmTl2
409,mp-862935,Li2PmSn
410,mp-864597,LiMgTl2
411,mp-864614,LiMg2Pt
412,mp-865101,NaLi2Bi
413,mp-865116,LiSmTl2
414,mp-865349,Li2GdTl
415,mp-865444,LiSc2Pt
416,mp-865483,Li2GdIn
417,mp-865579,Li2ErIn
418,mp-865582,Li2CdPd
419,mp-865612,LiCd3
420,mp-865624,Li2HoTl
421,mp-865658,LiPrGe2
422,mp-865709,LiPrTl2
423,mp-865710,LiSnAu2
424,mp-865737,Li2InSn
425,mp-865738,LiPrHg2
426,mp-865793,LiSc2Rh
427,mp-865838,LiSiRu2
428,mp-865866,LiZrPt2
429,mp-865867,Li2YTl
430,mp-865868,LiZrRh2
431,mp-865870,LiZr2Os
432,mp-865871,Li2ZnAu
433,mp-865890,Li2CaIn
434,mp-865912,LiZn2Rh
435,mp-865924,LiZrAu2
436,mp-865933,LiSiIr2
437,mp-865936,LiSc2Tc
438,mp-865939,LiMg2
439,mp-865940,LiThAu2
440,mp-865964,Li2CaSn
441,mp-866176,Li2PdAu
442,mp-866179,Li2NdTl
443,mp-866181,Li2NdIn
444,mp-866191,Li2YbSi
445,mp-866197,Li2PrPb
446,mp-867108,LiDyTl2
447,mp-867115,LiCd2Rh
448,mp-867161,LiIn3
449,mp-867162,LiTm2Rh
450,mp-867174,SrLi2Pb
451,mp-867197,LiGaNi2
452,mp-867198,LiGaPd2
453,mp-867206,LiCd2Pt
454,mp-867223,LiGa2Ni
455,mp-867227,Li3Pt
456,mp-867235,LiY2Ir
457,mp-867251,LiZn2Pt
458,mp-867253,LiZn2Ir
459,mp-867255,LiZn2Au
460,mp-867269,LiHo2Os
461,mp-867272,LiAlCu2
462,mp-867285,LiTb2Ir
463,mp-867474,Li2EuSn
464,mp-867805,LiCa2Ga
465,mp-867810,LiYHg2
466,mp-867812,LiAlNi2
467,mp-867926,LiInPd2
468,mp-8754,NaLiTe
469,mp-8756,KLiSe
470,mp-8804,Li6MoN4
471,mp-8864,Li(Co3P2)2
472,mp-9124,LiZnAs
473,mp-9159,Li4NpO5
474,mp-9172,Li4TiO4
475,mp-9244,LiBC
476,mp-9308,Li4ZrF8
477,mp-934,LiTl
478,mp-9563,Li2Sb
479,mp-9568,Li3Ga2
480,mp-9588,LiP
481,mp-9610,Li2CN2
482,mp-9615,LiTiS2
483,mp-9657,LiAsO3
484,mp-973391,LiSiB6
485,mp-975799,LiZn3
486,mp-975904,Li3Cd
487,mp-976280,LiBr
488,mp-976408,Li3Ag
489,mp-976726,LiDyO2
490,mp-976955,Li2RuF6
491,mp-977393,LiLu2Ru
492,mp-977405,LiLu2Rh
493,mp-977418,LiMgAu2
494,mp-977440,LiTiPt2
495,mp-977563,LiNbIr2
496,mp-981935,Li5Mg
497,mp-983460,Li2PmGa
498,mp-9918,LiGe
499,mp-9919,LiZnSb
500,mp-995393,LiS4
501,mp-1001786,LiScS2
502,mp-10180,Li2SbPd
503,mp-10181,LiSiNi2
504,mp-1018135,LiCdAs
505,mp-10182,LiZnP
506,mp-1018763,Li3DySb2
507,mp-1018764,Li3HoSb2
508,mp-1018769,Li3NdSb2
509,mp-1018770,Li3PrBi2
510,mp-1018779,Li3PrSb2
511,mp-1018783,LiBeB
512,mp-1020024,Li6B4O9
513,mp-1025496,LiNbSe2
514,mp-1029297,LiZr2N3
515,mp-1029331,LiHf2N3
516,mp-1029385,Li2SnN2
517,mp-1029424,LiTi2N3
518,mp-1029448,Li5OsN4
519,mp-1029498,Li6CrN4
520,mp-1029562,Li3InN2
521,mp-1029592,Li3YN2
522,mp-1029625,LiTaN2
523,mp-1029776,Li2GeN2
524,mp-1029932,LiVN2
525,mp-1030649,Li6RuN4
526,mp-10485,BaLiSb
527,mp-10616,BaLiAs
528,mp-1078358,LiOsO3
529,mp-1078460,Li2CuSn2
530,mp-1078552,Li2H6Pt
531,mp-1078799,LiNbF6
532,mp-1078834,LiRuF6
533,mp-1079181,LiOsF6
534,mp-1079394,LiDyGe
535,mp-1079607,LiLaSn2
536,mp-1079885,LiSbS2
537,mp-1080714,Li2AgSn2
538,mp-1095099,LiPtF6
539,mp-1095149,LiLaBi2
540,mp-1095231,Ba3(LiBi)4
541,mp-1095274,LiYbAs
542,mp-1095289,LiCaAs
543,mp-1095352,LiEuAs
544,mp-1095371,LiYbSb
545,mp-1095380,LiEuBi
546,mp-1095586,LiGaH4
547,mp-10970,LiErO2
548,mp-1104144,Li2Sm2Ge3
549,mp-1104331,Li2Nd2Ge3
550,mp-1104368,Li2Pr2Ge3
551,mp-1105932,Li2MgSi
552,mp-1106100,LiEuGe2
553,mp-11172,LiIrF6
554,mp-11582,LiGaSe2
555,mp-11737,Li4SiO4
556,mp-1181012,Li4Re6S11
557,mp-1184955,Li2TlCd
558,mp-1184956,Li2TlHg
559,mp-1184970,Li2HgBi
560,mp-1184976,Li2CdAg
561,mp-1185238,LiTiPd2
562,mp-1185267,LiNpRu2
563,mp-1185270,LiNpRh2
564,mp-1185317,LiBe2Pt
565,mp-1185329,LiAcRh2
566,mp-1185334,LiCeHg2
567,mp-1185335,LiEu2Tl
568,mp-1185354,LiGd2Os
569,mp-1185358,LiMgCd2
570,mp-1185363,LiMgHg2
571,mp-1185368,LiMgIn2
572,mp-1185376,LiLaTl2
573,mp-1185381,LiIn2Ni
574,mp-1185385,LiLuTl2
575,mp-1185386,LiGdTl2
576,mp-1185394,LiGd2Ga
577,mp-1185437,LiThHg2
578,mp-1188183,LiSmGe2
579,mp-1188255,LiLaGe2
580,mp-1188849,LiNdGe2
581,mp-1190364,Li2SnS3
582,mp-1191015,LiNdSn
583,mp-1191159,LiPrSn
584,mp-1191394,Li8Nd7Ge10
585,mp-1191829,Li2Co12P7
586,mp-1192210,LiDySn
587,mp-1192957,Li8Ce7Ge10
588,mp-1193269,Li2SiF6
589,mp-11944,LiYbGe2
590,mp-11947,LiAlAg2
591,mp-1195657,LiSb2F7
592,mp-1195718,Li4SnS4
593,mp-1196908,Li(NdGe)4
594,mp-1197150,Li(PrGe)4
595,mp-1197580,Li6Ca17Hg9
596,mp-11977,LiSnAu
597,mp-1198726,Li(BH)6
598,mp-1201065,Li15H9N8
599,mp-1205941,LiTmGe
600,mp-1206280,Li3YSb2
601,mp-1206759,LiZrS2
602,mp-1206881,LiTaS2
603,mp-1207082,LiMgSb
604,mp-1207212,LiHfS2
605,mp-1210778,Li2Sm2Si3
606,mp-1210780,Li2Pr2Si3
607,mp-1210931,LiFeCl4
608,mp-1210940,Li(YGe)4
609,mp-1211043,LiFeBr4
610,mp-1211056,LiMoN2
611,mp-1211088,LiCaP
612,mp-1211132,Li5OsO6
613,mp-1211138,Li5Ni9P7
614,mp-1211146,Li5Ni9As7
615,mp-1211564,Li(ErGe)4
616,mp-1211602,Li(LuGe)4
617,mp-1211639,LiCa11Sb9
618,mp-12128,Li2MgIn
619,mp-1222297,LiTbS2
620,mp-1222351,LiFeF6
621,mp-1222370,LiGdS2
622,mp-1222442,Li5AuO4
623,mp-1222500,Li3Sn11Pd4
624,mp-1222572,Li7Cu2N3
625,mp-1222602,Li2SiAu
626,mp-1222607,Li2SnPt
627,mp-1222608,Li2SnPd
628,mp-1222612,Li2SnIr
629,mp-1222615,Li2MgSn
630,mp-1222650,Li2MgAu
631,mp-1222659,Li2GaAg
632,mp-1222668,Li2AlGa
633,mp-1222671,Li2CdIn
634,mp-1222673,Li2GaCu3
635,mp-1222722,Li(ZrS2)2
636,mp-1222726,Li(TiTe2)2
637,mp-1222748,Li2UBr6
638,mp-1223278,Li(TiS2)2
639,mp-1232420,LiMg2Ir
640,mp-1246834,LiCoN
641,mp-12580,Li2CdSn
642,mp-13140,BaLiGe2
643,mp-13322,LiGeRh2
644,mp-13396,LiIn2Rh
645,mp-13474,LiErGe
646,mp-13725,Li3PO4
647,mp-13915,LiNi2Sn
648,mp-13916,LiCaSi2
649,mp-13985,Li2PdF6
650,mp-14210,LiGdGe
651,mp-14712,Li7PN4
652,mp-14753,Li7TaN4
653,mp-15254,Li3AlF6
654,mp-15551,Sr2LiSi3
655,mp-15558,Li3GaF6
656,mp-15791,LiErS2
657,mp-15792,LiGdSe2
658,mp-15794,LiYSe2
659,mp-15795,LiDySe2
660,mp-15820,LiHoGe
661,mp-15821,LiNdGe
662,mp-15845,SrLi4N2
663,mp-15960,Li5AlO4
664,mp-15999,Li3AuS2
665,mp-16264,LiCaSb
666,mp-16349,LiNi2Ge
667,mp-16828,Li3B7O12
668,mp-17159,Li2CrO4
669,mp-17491,Ba2LiGe3
670,mp-18050,Li2MoO4
671,mp-18189,LiTmSn
672,mp-18925,Li6CoO4
673,mp-18988,Li2MnO3
674,mp-19117,Li4MoO5
675,mp-19219,Li3VO4
676,mp-19260,Li2WO4
677,mp-19340,LiVO2
678,mp-19440,LiVO3
679,mp-20150,LiCa2Si3
680,mp-20234,Li2BPt3
681,mp-20363,LiGa2Pt
682,mp-20428,LiCeGe2
683,mp-20567,LiGa2Ru
684,mp-20657,Li2BPd3
685,mp-20698,LiCoAs
686,mp-20801,LiIn2Pd
687,mp-21894,LiSn4Ir
688,mp-27227,LiAg3O2
689,mp-27231,Li2TeO3
690,mp-27419,LiBiF6
691,mp-27483,Li5TlO4
692,mp-27797,Li4H4Rh
693,mp-27920,Li8CoO6
694,mp-28146,LiGa5O8
695,mp-28253,LiBiO2
696,mp-28326,LiGaBr4
697,mp-28327,LiGaBr3
698,mp-28463,LiNb3Cl8
699,mp-28523,Li2Ta3N5
700,mp-28549,Li8SiO6
701,mp-28567,LiBiF4
702,mp-28612,Na(LiSi2)3
703,mp-28613,LiBPt3
704,mp-28994,KLi2As
705,mp-29040,Li3Zr4F19
706,mp-29149,Li4NCl
707,mp-29195,LiPO3
708,mp-2927,LiAg2Sn
709,mp-2935,Li2GeAu
710,mp-29365,Li5BiO5
711,mp-29410,Li2B2S5
712,mp-29754,SrLiN
713,mp-30100,Li2B2Se5
714,mp-30129,Li4TaN3
715,mp-30254,Ba3(LiSn2)4
716,mp-30349,Li2AgPb
717,mp-30381,Li2GaAu
718,mp-30456,SrLiBi
719,mp-30591,Li2CuSn
720,mp-30758,Li2MgPb
721,mp-30763,LiPd2Pb
722,mp-30816,Li2AlPd
723,mp-30818,Li2AlPt
724,mp-30821,LiAl2Rh
725,mp-31066,LiUN2
726,mp-31096,Li3AlH6
727,mp-31208,LiIn2Ir
728,mp-31441,Li2GaIr
729,mp-31442,Li2InRh
730,mp-31468,LiCaN
731,mp-31488,Li3NbO4
732,mp-3151,Li3TaO4
733,mp-3161,LiAlSi
734,mp-3216,Li2ZrN2
735,mp-3297,Li10Zn4O9
736,mp-3348,LiBIr
737,mp-3427,LiAlO2
738,mp-35759,Li2NiF4
739,mp-35841,Li2CuGe
740,mp-35975,Li2MoO3
741,mp-3635,LiBO2
742,mp-3647,LiGaS2
743,mp-3700,LiYF4
744,mp-38280,LiTiO2
745,mp-38487,Li7BiO6
746,mp-39020,LiTa3N4
747,mp-3949,K7LiSi8
748,mp-4156,Li2ZrO3
749,mp-4226,LiCrS2
750,mp-4495,KLiTe
751,mp-4556,Li2SO4
752,mp-4558,Li4GeO4
753,mp-4586,LiAlTe2
754,mp-4622,Li2BeF4
755,mp-4657,Li5GaO4
756,mp-4804,Li4TeO5
757,mp-504670,LiCa2Ge3
758,mp-5048,LiGaTe2
759,mp-5127,LiCuO
760,mp-530177,Li5Mn7O16
761,mp-530480,Li19(FeAs)20
762,mp-532413,Li5B7S13
763,mp-540946,LiReO4
764,mp-541010,Li2Ni12P7
765,mp-5418,Li6Zr2O7
766,mp-542435,Li3ScN2
767,mp-5488,LiInO2
768,mp-5515,Li7MnN4
769,mp-551675,Li3UO4
770,mp-554577,Li4P2O7
771,mp-554689,LiCoF4
772,mp-555112,Li2CrF6
773,mp-555377,Li4WO5
774,mp-555874,LiAsS2
775,mp-556229,Li2MnF5
776,mp-556550,Li2NiO3
777,mp-559701,LiV2F6
778,mp-561396,Li3CrF6
779,mp-567097,LiCu2Ge
780,mp-569373,Li8Zn2Ge3
781,mp-569450,LiB6C
782,mp-569501,LiCaBi
783,mp-569788,LiZnGe
784,mp-570218,LiBeH3
785,mp-570813,Li2UI6
786,mp-5853,LiSi2N3
787,mp-605839,Li2B2Rh3
788,mp-624492,Li(Fe3Ge2)2
789,mp-625211,LiH3O2
790,mp-638141,LiSn5Rh3
791,mp-642847,Li4H6Ru
792,mp-642996,Li4H6Os
793,mp-643656,Li5H9Pt2
794,mp-644136,Li2H2Pt
795,mp-644389,Li2H2Pd
796,mp-652399,Li(FeGe)6
797,mp-655591,LiB13C2
798,mp-673833,Li7VAs4
799,mp-675069,LiNbO3
800,mp-675779,Li2Mo3S4
801,mp-675941,Li7IN2
802,mp-676361,Li3ErCl6
803,mp-680450,K2LiSn4
804,mp-684024,Li2SiN2
805,mp-685194,Li4Ti5O12
806,mp-697047,Li3H4Rh
807,mp-7080,Li5(NiN)3
808,mp-7117,LiAlSe2
809,mp-722890,Li3H6Ir
810,mp-7243,LiSnPd2
811,mp-733455,Li3H6Rh
812,mp-7471,Li3AuO3
813,mp-7473,LiCu2Si
814,mp-752936,Li2MnF6
815,mp-753031,LiCu5F12
816,mp-753257,LiCuF4
817,mp-754237,LiTmO2
818,mp-754605,LiLuO2
819,mp-755013,Li5TaO5
820,mp-755193,Li2FeF6
821,mp-758265,LiCu2F6
822,mp-759169,Li2CuF6
823,mp-760147,Li5CoO4
824,mp-760255,Li3CuF6
825,mp-7603,Li2TiF6
826,mp-760375,Li3VS4
827,mp-760483,Li2PdO3
828,mp-760680,Li2Fe12P7
829,mp-7608,Li2PdO2
830,mp-766084,Li7Nb12O24
831,mp-766823,Li7Ti11O24
832,mp-767171,Li5(NbS2)7
833,mp-767218,Li9(NbS2)14
834,mp-770533,Li6MnO4
835,mp-770632,Li3CrO4
836,mp-770932,LiSbO3
837,mp-772085,LiNb10O18
838,mp-772290,LiAgO
839,mp-774082,Li(CoO2)2
840,mp-774155,Li2FeO3
841,mp-774702,Li3BiO4
842,mp-7756,SrLiSb
843,mp-776627,Li3FeF6
844,mp-7936,LiNbS2
845,mp-8007,LiUO3
846,mp-8152,Li2CeAs2
847,mp-8180,LiNO3
848,mp-8181,Li2CeN2
849,mp-8452,NaLiS
850,mp-8481,LiPrGe
851,mp-8610,Li8PtO6
852,mp-861616,LiSc2Ir
853,mp-861624,LiLaHg2
854,mp-861629,LiMnPd2
855,mp-861651,Li2PdPb
856,mp-861660,LiNdHg2
857,mp-861666,LiRu2W
858,mp-861667,LiSbRh2
859,mp-861736,LiSbPd2
860,mp-861875,LiHf2Re
861,mp-861876,LiAc2Si
862,mp-861881,LiGeAu2
863,mp-861882,LiGeIr2
864,mp-861886,LiDyHg2
865,mp-861894,Li2LaSn
866,mp-861896,LiHg2Pd
867,mp-861901,LiGaCu2
868,mp-861903,LiBiRh2
869,mp-861905,LiBiPd2
870,mp-861915,LiDy2Ir
871,mp-861930,LiPdAu2
872,mp-861932,LiZnAu2
873,mp-861947,LiPm2Ga
874,mp-861956,LiPm2Ir
875,mp-861964,LiLu2Ir
876,mp-861969,LiTmTl2
877,mp-862316,LiBePt2
878,mp-862318,LiAl2Ni
879,mp-862335,LiAsRh2
880,mp-862377,LiBe2Ir
881,mp-862610,LiHfIr2
882,mp-862613,LiAc2Ga
883,mp-862614,LiTm2Ru
884,mp-862657,LiCuPd2
885,mp-862667,LiAc2Ge
886,mp-862673,LiY2Ru
887,mp-862677,LiHoTl2
888,mp-862685,LiAc2Ir
889,mp-862686,LiAc2Ru
890,mp-862719,LiY2Os
891,mp-862737,LiHgPd2
892,mp-862746,Sr2LiTl
893,mp-862815,LiScAu2
894,mp-862842,LiPm2Pt
895,mp-862927,LiPmHg2
896,mp-862929,Li2PmAl
897,mp-862930,Li2PmIn
898,mp-862934,Li2PmTl
899,mp-862948,Li2PmPb
900,mp-863673,LiPm2Rh
901,mp-863675,LiPm2Ru
902,mp-863697,LiPm2Si
903,mp-863727,LiTiRh2
904,mp-864598,LiMg2Ag
905,mp-864601,LiMg2Rh
906,mp-864631,LiNbRh2
907,mp-864755,LiAcTe2
908,mp-864759,LiYb2Ir
909,mp-864762,LiMg2Zn
910,mp-864763,LiYb2Rh
911,mp-864768,LiSnIr2
912,mp-864784,LiSnRh2
913,mp-864804,LiTbHg2
914,mp-864930,LiTiIr2
915,mp-864997,LiSiPd2
916,mp-865029,LiPaRu2
917,mp-865046,LiPaPt2
918,mp-865175,LiEuTl2
919,mp-865184,LiScPd2
920,mp-865228,LiScPt2
921,mp-865231,LiScTl2
922,mp-865580,Li2DyIn
923,mp-865581,Li2DyTl
924,mp-865622,Li2HoIn
925,mp-865666,Li2TlAg
926,mp-865713,Li2TlBi
927,mp-865731,Li2HgPd
928,mp-865734,Li5(Cu2P3)2
929,mp-865795,LiSc2Ru
930,mp-865812,LiSmHg2
931,mp-865863,Li2TlPd
932,mp-865874,Li2AgHg
933,mp-865879,Li2AgAu
934,mp-865893,LiZr2Tc
935,mp-865897,Li2AcIn
936,mp-865913,Li2AcSn
937,mp-865925,LiZrIr2
938,mp-865959,LiHo2Ru
939,mp-865963,LiGaAg2
940,mp-865965,Li2CaSi
941,mp-865987,Li2AgPd
942,mp-866019,LiNdTl2
943,mp-866058,LiGd2Ru
944,mp-866180,Li2YbPb
945,mp-866192,Li2YbSn
946,mp-866193,Li2LaIn
947,mp-866195,Li2LaTl
948,mp-866196,Li2PrIn
949,mp-866200,Li2SmTl
950,mp-866669,Sr17(Li2Hg3)3
951,mp-867111,LiDy2Ru
952,mp-867148,LiHfRh2
953,mp-867160,LiCd2Au
954,mp-867167,LiCa2Tl
955,mp-867170,LiGaPt2
956,mp-867171,SrLi2Sn
957,mp-867196,LiCd2Pd
958,mp-867204,LiCd2Ag
959,mp-867211,LiCa2In
960,mp-867220,LiTm2Ir
961,mp-867250,LiZn2Pd
962,mp-867252,LiZn2Ni
963,mp-867265,LiTm2Os
964,mp-867287,LiInAu2
965,mp-867293,LiCo2Si
966,mp-867295,LiCeTl2
967,mp-867776,LiDy2Os
968,mp-867803,LiCa2Cd
969,mp-867807,LiYTl2
970,mp-867813,LiLa2Os
971,mp-867820,LiAlPd2
972,mp-867829,LiVRh2
973,mp-867834,LiHfPt2
974,mp-867872,LiCdAg2
975,mp-867877,LiCdAu2
976,mp-867902,LiSiRh2
977,mp-867903,LiLuAu2
978,mp-867913,LiHo2Ir
979,mp-867924,LiCdPd2
980,mp-867927,LiVIr2
981,mp-8751,RbLiS
982,mp-8892,LiInF4
983,mp-9143,LiPF6
984,mp-9144,LiAsF6
985,mp-9158,LiCuO2
986,mp-9197,Li3AsO4
987,mp-9250,RbLiSe
988,mp-9472,LiAg2Ge
989,mp-9607,Li2UO4
990,mp-975044,Li(SiRh)2
991,mp-976114,Li2CdHg
992,mp-976333,Li2AcTl
993,mp-977380,LiMg2Pd
994,mp-977399,LiMgPd2
995,mp-977542,LiTbTl2
996,mp-983444,LiPmZn2
997,mp-984635,LiErSn
998,mp-985583,Li3PS4
999,mp-996959,LiAuO2
1000,mp-996962,LiAgO2
1001,mp-10103,LiYbAlF6
1002,mp-1018780,Li3SmBi2
1003,mp-1018784,LiCe(CuP)2
1004,mp-1018791,LiY(CuP)2
1005,mp-1019716,CsLi4(BO2)5
1006,mp-1019794,K3LiP2O7
1007,mp-1020015,Li2B3PO8
1008,mp-1020019,Li2PNO2
1009,mp-1020023,Li3AlSiO5
1010,mp-1020106,LiB(SO4)2
1011,mp-1020109,LiMg3P3O11
1012,mp-1020164,Na3LiP2O7
1013,mp-1020620,Rb5Li6(BO2)11
1014,mp-1020664,Rb2Li5(BO2)7
1015,mp-1024988,LiYb(CuP)2
1016,mp-10499,LiZr2(PO4)3
1017,mp-10555,Ba2LiReN4
1018,mp-1078724,LiAsSe2
1019,mp-1097959,LiEu4(BN2)3
1020,mp-1101989,SrLiAs
1021,mp-1104693,LiCa2HC3
1022,mp-1105291,Li2MnSnS4
1023,mp-1105750,LiAu(S2O7)2
1024,mp-1106082,LiCeSi2
1025,mp-1106183,LiAlS2
1026,mp-1111110,K2LiScF6
1027,mp-1111112,K2LiGaF6
1028,mp-1111126,K2LiLuCl6
1029,mp-1111658,K2LiTlF6
1030,mp-1111671,K2LiInF6
1031,mp-1111923,K2LiRuF6
1032,mp-1111927,K2LiCrF6
1033,mp-1111928,K2LiAsF6
1034,mp-1111932,K2LiScCl6
1035,mp-1112624,Cs2LiGdCl6
1036,mp-1112663,Cs2LiYI6
1037,mp-1112671,Cs2LiSmCl6
1038,mp-1113016,Cs2LiInF6
1039,mp-1113018,Cs2LiDyCl6
1040,mp-11175,LiZnPS4
1041,mp-11189,Li2MgSiO4
1042,mp-1176614,LiMnP
1043,mp-1176640,LiMnCrO4
1044,mp-1177863,Li2Ti3FeO8
1045,mp-1178391,CsLiWO4
1046,mp-11806,LiMgSnPt
1047,mp-1185209,Li2ZnSi
1048,mp-1185233,Li2YIn
1049,mp-1185285,LiAcHg2
1050,mp-1185419,LiSiPt2
1051,mp-1185484,LiPmIn2
1052,mp-1188124,LiAl(PS3)2
1053,mp-1188784,Li2CdSnS4
1054,mp-1189383,Li2CdGeS4
1055,mp-1189625,Cs2LiScCl6
1056,mp-1189974,LiLa(CN2)2
1057,mp-1190151,Sr3LiSbO6
1058,mp-1190195,LiIn(WO4)2
1059,mp-11903,LiEu2IrO6
1060,mp-11904,LiSm2IrO6
1061,mp-1190404,Sr3LiNbO6
1062,mp-1190486,Sr3LiTaO6
1063,mp-11905,LiNd2IrO6
1064,mp-11906,LiPr2IrO6
1065,mp-1190840,Li8Pr7Ge10
1066,mp-1190882,LiLu(WO4)2
1067,mp-1191085,LiY(WO4)2
1068,mp-1191729,LiHo(WO4)2
1069,mp-1191787,LiCa3OsO6
1070,mp-1192153,LiDy(WO4)2
1071,mp-1192357,Sr3LiAs2H
1072,mp-1192527,Ba4Li2(CdP2)3
1073,mp-1192746,LiAs2H3O7
1074,mp-1193106,Li2Mg(HN)2
1075,mp-1193172,Li2Mn(SO4)2
1076,mp-1193222,LiMgAlF6
1077,mp-1193498,LiMgAlH6
1078,mp-1193542,LiMnVF6
1079,mp-1194523,Li2CaTa2O7
1080,mp-1194965,Li2Th(AsO4)2
1081,mp-1195001,Na5Li(Mo3O10)3
1082,mp-1196457,Li2B3O4F3
1083,mp-1198025,LiZn2(BH4)5
1084,mp-1198049,Li6Nd(BO3)3
1085,mp-1198324,Li2B8SeO15
1086,mp-1198596,Li2P7(H3N)9
1087,mp-1198663,K2Li(H2N)3
1088,mp-1198930,LiGa(SeO3)2
1089,mp-1199122,Li2Ca(SiN2)2
1090,mp-11992,LiLa2IrO6
1091,mp-1199453,KLiMoO4
1092,mp-1202424,Li5La5(SiN3)4
1093,mp-1202682,LiCa7(GeH)3
1094,mp-1202818,LiZr2(AsO4)3
1095,mp-1203059,LiAs3H2O9
1096,mp-1204402,LiAl(CN2)2
1097,mp-1205649,LiSc(TlCl3)2
1098,mp-1206399,Rb2LiVCl6
1099,mp-1206440,Cs2LiCrF6
1100,mp-1207120,Ba2LiIO6
1101,mp-1208619,SrLiGaF6
1102,mp-1208625,SrLiVF6
1103,mp-1208634,SrLiCrF6
1104,mp-1208758,Sr3Li6Ta2O11
1105,mp-1208770,Sr3Li6Nb2O11
1106,mp-1209478,Rb2Li3GaO4
1107,mp-1209986,NaLiEr2F8
1108,mp-1210400,Na3LiTi2F12
1109,mp-1210796,Li2MnGeO4
1110,mp-1210797,Li2MgGeO4
1111,mp-1210804,Li2ZnGeS4
1112,mp-1210866,LiVCdF6
1113,mp-1210884,Li2Ce2Si3
1114,mp-1210920,LiGd(WO4)2
1115,mp-1210924,LiTb2RuO6
1116,mp-1210974,LiH2CN5
1117,mp-1210977,LiMn2TeO6
1118,mp-1210997,LiTm(WO4)2
1119,mp-1211004,LiSm(WO4)2
1120,mp-1211005,LiTb(WO4)2
1121,mp-1211079,LiTb6B3O14
1122,mp-1211098,LiCrCdF6
1123,mp-1211108,LiGd(SO4)2
1124,mp-1211126,LiSc(WO4)2
1125,mp-1211137,LiNd(WO4)2
1126,mp-1211167,LiCr4GaS8
1127,mp-1211182,LiCr4InS8
1128,mp-1211215,Li2Nd(NO3)5
1129,mp-1211223,Li3Yb3(TeO6)2
1130,mp-1211233,LiDy6B3O14
1131,mp-1211248,Li3Tm3(TeO6)2
1132,mp-1211322,Li2Sm(NO3)5
1133,mp-1211340,Li6Tm(BO3)3
1134,mp-1211386,Li3Pr3(TeO6)2
1135,mp-1211468,Li6Er(BO3)3
1136,mp-1211486,LiPr6B3O14
1137,mp-1211541,Li6Sm(BO3)3
1138,mp-1211542,Li3Ho3(TeO6)2
1139,mp-1211552,Li3Mn2(SeO3)4
1140,mp-1211562,LiEu2RuO6
1141,mp-1211646,Li3Lu3(TeO6)2
1142,mp-1211772,Li3Dy(NO3)6
1143,mp-1212005,KLiWO4
1144,mp-1212059,Li3Tm(NO3)6
1145,mp-1212130,Li3Tb(NO3)6
1146,mp-1212171,Li3Y(NO3)6
1147,mp-1212254,Li3Yb(NO3)6
1148,mp-1212476,Li3Gd(NO3)6
1149,mp-1213345,LiEu6B3O14
1150,mp-1214461,Ba4Li(BiO4)3
1151,mp-12160,Li6Ho(BO3)3
1152,mp-12185,LiCu(PO3)3
1153,mp-1218749,Sr2LiMgSi3
1154,mp-1219554,RbLiZnS2
1155,mp-1220967,NaLiCdS2
1156,mp-1222326,LiMgCoF6
1157,mp-1222336,LiZnRhF6
1158,mp-1222349,LiGeRhO4
1159,mp-1222353,LiMnRhO4
1160,mp-1222458,LiB12PC
1161,mp-1222462,Li4CoTeO6
1162,mp-1222477,LiVZnO4
1163,mp-1222537,LiZr5TlF22
1164,mp-1222618,Li2ZnCdP2
1165,mp-1222711,Li2GeTeO6
1166,mp-1223032,Li9Nd2(PS4)5
1167,mp-1223108,LiU4As3O20
1168,mp-1223469,KLiZn3O4
1169,mp-1225887,CsLiZnS2
1170,mp-1225894,CsLiMnS2
1171,mp-1226357,Cs2LiCr3F12
1172,mp-1228109,Ba8Li13GaSb12
1173,mp-1228258,Ba5Li2(TeO5)3
1174,mp-1228411,Ba5Li2U3O15
1175,mp-12451,LiLa2OsO6
1176,mp-12829,LiCaGaF6
1177,mp-13182,Li2TiGeO5
1178,mp-13634,Cs2LiAl3F12
1179,mp-13772,Li3Pr2(BO3)3
1180,mp-13843,Li2TeO4
1181,mp-13917,LiCaGe2
1182,mp-14023,Na3Li3Sc2F12
1183,mp-14457,Na3Li3Ti2F12
1184,mp-14458,Na3Li3Cr2F12
1185,mp-14629,Li2EuSiO4
1186,mp-14646,Li2Mg2(SO4)3
1187,mp-14704,Li6Y(BO3)3
1188,mp-14871,Li16Ta2N8O
1189,mp-15066,LiTmSiO4
1190,mp-15363,Li6Yb(BO3)3
1191,mp-16792,Ba4LiTa3O12
1192,mp-16933,LiFe(WO4)2
1193,mp-16955,K2Li3FeO4
1194,mp-16996,Li3GaSiO5
1195,mp-17208,K2Li14Zr3O14
1196,mp-17288,Li2ZnSiO4
1197,mp-17685,Li3GaGeO5
1198,mp-17774,K2Li3GaO4
1199,mp-17854,LiInGeO4
1200,mp-18002,KLi3GeO4
1201,mp-18147,LiGaSiO4
1202,mp-18220,LiAlSiO4
1203,mp-18704,CsLiBeF4
1204,mp-18711,LiNd(PO3)4
1205,mp-18860,Li2VSiO5
1206,mp-18911,LiVP2O7
1207,mp-18932,LiPr(WO4)2
1208,mp-18997,LiMnPO4
1209,mp-19103,LiCrP2O7
1210,mp-19123,Rb2LiVO4
1211,mp-19294,LiFeP2O7
1212,mp-19377,LiLa2MoO6
1213,mp-19896,Li2GePbS4
1214,mp-21549,LiCr(GeO3)2
1215,mp-22170,Li4PbO4
1216,mp-22417,LiNiPO4
1217,mp-22526,LiCoO2
1218,mp-23122,Li10B14Cl2O25
1219,mp-23818,BaLiH3
1220,mp-24610,LiP(HO2)2
1221,mp-25977,LiFe(PO3)4
1222,mp-25983,LiMo(PO4)2
1223,mp-25993,Li3Fe2(PO4)3
1224,mp-26005,LiMn6P7O24
1225,mp-26015,LiCo(PO3)3
1226,mp-26019,LiMn(PO3)3
1227,mp-26086,LiMo2(PO4)3
1228,mp-26262,LiCu(PO3)4
1229,mp-26712,LiV2(PO4)3
1230,mp-26955,LiV(PO3)4
1231,mp-26965,Li2CrP2O7
1232,mp-26971,Li3Cr2(PO4)3
1233,mp-26975,Li9Cr3P8O29
1234,mp-26977,LiMn2P3O10
1235,mp-26981,LiMnP2O7
1236,mp-26983,LiMn(PO3)4
1237,mp-26985,Li2Fe3(P2O7)2
1238,mp-26997,LiCo(PO3)4
1239,mp-27003,Li3Mo2(PO4)3
1240,mp-27007,LiFe2P3O10
1241,mp-27403,LiUF5
1242,mp-29345,LiGaI3
1243,mp-30477,LiCaSn
1244,mp-31168,Li2AlAg
1245,mp-3503,Li6WN4
1246,mp-3666,LiTaO3
1247,mp-3838,Li5ReN4
1248,mp-3980,LiSbF6
1249,mp-4604,Li7VN4
1250,mp-4779,Li2B4O7
1251,mp-504353,LiSb(PO3)4
1252,mp-504460,LiMnGaF6
1253,mp-504810,Rb2Li14Pb3O14
1254,mp-505381,NaLi3(H2N)4
1255,mp-505431,K2LiInAs2
1256,mp-510073,RbLi(H2N)2
1257,mp-510338,Cs2LiVS4
1258,mp-540945,Na2Li3GaO4
1259,mp-540965,Na2Li3FeO4
1260,mp-541365,LiEuH3
1261,mp-541569,Sr2Li3TaN4
1262,mp-542008,Li3Fe2(AsO4)3
1263,mp-542122,Ba3LiRu2O9
1264,mp-542207,Ba3LiOs2O9
1265,mp-543044,BaLiAlF6
1266,mp-552663,LiScAs2O7
1267,mp-553926,NaLiB4O7
1268,mp-554028,Na5LiMn2O8
1269,mp-554076,BaLiBS3
1270,mp-554131,SrLiCoF6
1271,mp-554752,RbLi7(SiO4)2
1272,mp-554837,Ba3LiIr2O9
1273,mp-554917,LiSn2(PO4)3
1274,mp-555082,CsLi5(BO3)2
1275,mp-555206,KLiCrO4
1276,mp-555743,LiZnPO4
1277,mp-555965,Li2ZnSn3O8
1278,mp-555979,Li2Pr(NO3)5
1279,mp-556085,Rb2LiTaS4
1280,mp-556209,RbLiMoO4
1281,mp-556531,LiSi2BO6
1282,mp-556792,LiCaCrF6
1283,mp-556902,KLi4NbO5
1284,mp-557104,LiAlB2O5
1285,mp-557177,Li2Al(BO2)5
1286,mp-557268,KLi4AlO4
1287,mp-557293,Li2CdSiO4
1288,mp-557309,Na3LiWO5
1289,mp-557467,Li4Ca(BO3)2
1290,mp-557473,K5LiGe2O7
1291,mp-557632,K2LiBO3
1292,mp-557798,K5Li2NdF10
1293,mp-557816,Ba5Li2(WO5)3
1294,mp-557892,BaLi(BS2)3
1295,mp-558045,NaLi2PO4
1296,mp-558054,SrLi2Ta2O7
1297,mp-558083,BaLi2Ti6O14
1298,mp-558102,KLiSi2O5
1299,mp-558219,SrLi(BS2)3
1300,mp-558310,BaLi2SiO4
1301,mp-558455,Na4Li5(BO3)3
1302,mp-558483,K4LiIO6
1303,mp-558555,LiFe(SeO3)2
1304,mp-558619,Li2Ti6PbO14
1305,mp-558628,KLi2BO3
1306,mp-558815,Rb2LiVS4
1307,mp-558910,Li2U3(PO5)4
1308,mp-558917,LiMoIO6
1309,mp-558941,LiYSiO4
1310,mp-559052,LiNb3(Bi2O7)2
1311,mp-559106,KLi3PbO4
1312,mp-559129,Li3Er(NO3)6
1313,mp-559142,KLi(PO3)2
1314,mp-559238,CsLi2BS3
1315,mp-559240,Li2MnSiO4
1316,mp-559277,SrLiFeF6
1317,mp-559533,NaLiCO3
1318,mp-559706,Li3Gd(BO3)2
1319,mp-559719,LiPr(SO4)2
1320,mp-559814,Li5SbS3I2
1321,mp-559904,NaLi3SiO4
1322,mp-559938,LiV3(TeO6)2
1323,mp-560157,LiMgVO4
1324,mp-560297,LiTaSiO5
1325,mp-560465,K11LiMn4O16
1326,mp-560518,RbLi2Be2F7
1327,mp-560555,Li8Bi2PdO10
1328,mp-560605,LiLa4AuO8
1329,mp-560739,K3Li3TeO6
1330,mp-560866,LiLa(PO3)4
1331,mp-560949,BaLiCrF6
1332,mp-561011,Li2Ta2(OF2)3
1333,mp-561254,NaLi3GeO4
1334,mp-561288,K3LiIrO4
1335,mp-561474,K3LiSiO4
1336,mp-561778,CsLiCrO4
1337,mp-562137,KLiCO3
1338,mp-562404,Li2Co3(SeO3)4
1339,mp-567219,Li4Ca3(SiN3)2
1340,mp-567371,Sr3Li4(GeN3)2
1341,mp-567628,Rb2LiDyBr6
1342,mp-567652,Cs2LiYCl6
1343,mp-568322,Sr3Li3(NiN)4
1344,mp-569112,Li3CaMnN3
1345,mp-569115,Li2ZnGe
1346,mp-569396,BaLi2(MgGe)2
1347,mp-570213,LiMgBi
1348,mp-570379,Cs2LiLuCl6
1349,mp-570931,SrLi3MnN3
1350,mp-570948,LiCaGaN2
1351,mp-571527,Cs2LiInCl6
1352,mp-573030,Cs2LiNbS4
1353,mp-581285,LiGd6B3O14
1354,mp-5990,CsLi(B3O5)2
1355,mp-6011,Ba4LiMo2N7
1356,mp-6015,LiSiNO
1357,mp-6071,Sr3LiIrO6
1358,mp-6075,Ba2Li(BO2)5
1359,mp-6134,LiCaAlF6
1360,mp-6153,Na3Li3V2F12
1361,mp-6224,LiScSiO4
1362,mp-6248,LiGd(PO3)4
1363,mp-6270,Ba2LiReO6
1364,mp-629430,SrLi2CrN3
1365,mp-629443,Li2EuGeS4
1366,mp-6342,LiCa3RuO6
1367,mp-6396,Li3V2(PO4)3
1368,mp-6425,Li3In2(PO4)3
1369,mp-642740,CsLi(H2N)2
1370,mp-643259,Li4H3ClO3
1371,mp-643276,LiMg2H7Ru
1372,mp-643458,LiHSO4
1373,mp-645662,Ba14Na14LiN6
1374,mp-6591,SrLiAlF6
1375,mp-6644,LiLa2RuO6
1376,mp-6648,KLiB4O7
1377,mp-6663,NaLiGe4O9
1378,mp-6665,Ba4LiW2N7
1379,mp-6711,Na3Li3Al2F12
1380,mp-6721,Sr3LiRuO6
1381,mp-672252,LiEuPS4
1382,mp-6726,CsLiSO4
1383,mp-6765,Li3AlGeO5
1384,mp-6800,KLiSO4
1385,mp-696949,Li3TeHO4
1386,mp-698205,LiB(HO2)2
1387,mp-704943,Li2Mn3ZnO8
1388,mp-720254,Li2H4(SO4)3
1389,mp-7205,LiInSiO4
1390,mp-720509,Li10Si(PS6)2
1391,mp-721252,Li10Sn(PSe6)2
1392,mp-740714,LiB5H2O9
1393,mp-753408,KLiCoO2
1394,mp-753432,LiMnFeO4
1395,mp-753940,KLiMnS2
1396,mp-754153,LiH2BrO
1397,mp-754228,Li4Ni3SbO8
1398,mp-754324,Li4V3CrO8
1399,mp-754509,LiCoNiO4
1400,mp-755094,Li2FeO2
1401,mp-7555,LiMgSnPd
1402,mp-755701,LiMnSbO4
1403,mp-756081,LiCoBO3
1404,mp-756117,Li2TiTeO6
1405,mp-756138,Li2V3SbO8
1406,mp-756254,LiNiSbO4
1407,mp-756320,Li3Fe4SbO8
1408,mp-756415,LiNbFeO4
1409,mp-757198,Li2VOF5
1410,mp-757613,Li2Co3SbO8
1411,mp-757973,LiP4WO12
1412,mp-758098,LiP3(WO6)2
1413,mp-758202,Li2NbCr3O8
1414,mp-759605,Li2Fe(CO3)2
1415,mp-759849,Li2Ti6Zn3O16
1416,mp-759900,K2LiNbO4
1417,mp-762019,LiV(CO3)2
1418,mp-763186,Li2Mn3SbO8
1419,mp-764098,Li2Ni3TeO8
1420,mp-767165,K2LiVS4
1421,mp-768150,LiBi3(BrO2)2
1422,mp-768603,Li4Ni3Sn5O16
1423,mp-7688,Li2CdGeO4
1424,mp-768820,Li3Bi(BO3)2
1425,mp-769464,LiLa3MnO7
1426,mp-769567,Li10Ti11Cr9O40
1427,mp-769597,Li2CoGe3O8
1428,mp-770839,LiCr(CO3)2
1429,mp-771093,Li3Cr10Fe5O24
1430,mp-771112,Li2Mn3NiO8
1431,mp-7714,Li4UO5
1432,mp-771712,Li2Fe3SbO8
1433,mp-772115,Li2Cr3(CoO6)2
1434,mp-773051,Li2Mn3(SeO3)4
1435,mp-773163,Li2Fe3SnO8
1436,mp-773582,LiTe(H3N)4
1437,mp-7744,LiSO3F
1438,mp-774685,Li3Mn5FeO12
1439,mp-774715,Ba4LiNb3O12
1440,mp-774797,Li2Ti3ZnO8
1441,mp-774832,Ba10Li2Bi4O21
1442,mp-775158,Li8Mn13Cr3O32
1443,mp-775161,Li2Ti3VO8
1444,mp-775204,Li2V3WO8
1445,mp-775326,Li2Ti3NiO8
1446,mp-775430,LiBi3(IO2)2
1447,mp-775865,Li2Ti3MnO8
1448,mp-776615,Li4VCr3O8
1449,mp-777452,LiNbCoO4
1450,mp-780857,Li2VOF4
1451,mp-783910,LiFeBO3
1452,mp-7971,Ba4Li(SbO4)3
1453,mp-8070,Li2BeSiO4
1454,mp-8184,Li2ZnGeO4
1455,mp-8310,Li(NiP)2
1456,mp-8313,Cs2Li2GeO4
1457,mp-8449,Rb2Li2SiO4
1458,mp-8450,Rb2Li2GeO4
1459,mp-849522,Li8V3P8O29
1460,mp-849734,LiVF4
1461,mp-850189,LiVSnO4
1462,mp-861954,LiTaRu2
1463,mp-862290,LiFeRh2
1464,mp-862312,LiBePd2
1465,mp-862730,LiGaRh2
1466,mp-864630,LiMg2Hg
1467,mp-864769,LiYb2Tl
1468,mp-864772,LiSc2Au
1469,mp-865577,Li2CdAu
1470,mp-865715,Li2PrTl
1471,mp-865882,Li2SmIn
1472,mp-865892,Li2CaPb
1473,mp-865915,Li2AcPb
1474,mp-866150,LiSm2Os
1475,mp-867119,LiHfPd2
1476,mp-867258,LiZnPd2
1477,mp-867580,Li2Cr5(Si2O7)2
1478,mp-867677,LiAgF6
1479,mp-8702,LiGaGeO4
1480,mp-8873,LiGeBO4
1481,mp-8923,Sr2LiFe2N3
1482,mp-8924,Ba2LiFe2N3
1483,mp-9059,KLi6TaO6
1484,mp-9066,NaLi2AsO4
1485,mp-9562,LiBeAs
1486,mp-9625,LiMgPO4
1487,mp-9703,K2LiGaAs2
1488,mp-9719,Na2LiAlP2
1489,mp-9723,Sr4Li(BN2)3
1490,mp-973019,LiSm(CuP)2
1491,mp-973966,LiIn(IO3)4
1492,mp-977355,LiYb2InGe2
1493,mp-977561,LiTaIr2
1494,mp-978840,SrLi2(SiN2)2
1495,mp-989405,Cs2LiInBr6
1496,mp-989551,LiTl2InF6
1497,mp-989583,Rb2LiInCl6
1498,mp-9912,Li2CeP2
1499,mp-9915,LiBeP
1500,mvc-16742,Li(MnS2)2
1501,mp-1019555,BaNaLi3(BO2)6
1502,mp-1019606,Cs2Li2B2P4O15
1503,mp-1019609,Cs2Sr2Li3B3(PO4)6
1504,mp-1019615,Cs3Li4(BO2)7
1505,mp-1019708,CsBaLiP2O7
1506,mp-1019778,K2Li3B(P2O7)2
1507,mp-1019782,K2LiB(PO4)2
1508,mp-1020011,Li14P2(N2O)3
1509,mp-1020016,Li4Ca2Mg(SiN3)2
1510,mp-1020031,LiCaAlN2
1511,mp-1020056,LiCa3Si2N5
1512,mp-1020060,LiB(S2O7)2
1513,mp-1020146,Na2LiB5(PO7)2
1514,mp-1020592,Sr4Li2Si4N8O
1515,mp-1020627,SrLiAl3N4
1516,mp-1020646,NaLi2B(PO4)2
1517,mp-1020647,Sr2LiBeB3O8
1518,mp-1020705,Rb2Li3B(P2O7)2
1519,mp-1021497,Li2SiSnS4
1520,mp-10517,LiScP2O7
1521,mp-10556,Sr2LiReN4
1522,mp-10584,Ba2LiOsO6
1523,mp-1078209,LiLa2FeO6
1524,mp-1080241,Li2Ge(S2O7)3
1525,mp-1080625,Sr2LiReO6
1526,mp-10814,SrLiBO3
1527,mp-1097038,LiAl2H6BrO6
1528,mp-1103771,BaLi2MnV2O8
1529,mp-1111261,K2LiBiCl6
1530,mp-1111665,K2LiRhF6
1531,mp-1111926,K2LiIrF6
1532,mp-1112613,Cs2LiErCl6
1533,mp-1112666,Cs2LiYBr6
1534,mp-1112669,Cs2LiTbCl6
1535,mp-1112675,Cs2LiPrBr6
1536,mp-1112678,Cs2LiNdCl6
1537,mp-1112679,Cs2LiNdBr6
1538,mp-1112680,Cs2LiCeI6
1539,mp-1112688,Cs2LiCeBr6
1540,mp-1112998,Cs2LiTmCl6
1541,mp-1113008,Cs2LiPrI6
1542,mp-1113010,Cs2LiNdI6
1543,mp-1113019,Cs2LiCeF6
1544,mp-1113020,Cs2LiCeCl6
1545,mp-1113022,Cs2LiBiF6
1546,mp-1113515,Cs2LiEuCl6
1547,mp-1114360,Rb2LiTlF6
1548,mp-1114416,Rb2LiBiF6
1549,mp-1114419,Rb2LiInF6
1550,mp-1114421,Rb2LiLuCl6
1551,mp-1114428,Rb2LiSbCl6
1552,mp-1114429,Rb2LiScCl6
1553,mp-1114432,Rb2LiYF6
1554,mp-1114562,Rb2LiBiCl6
1555,mp-1114566,Rb2LiErCl6
1556,mp-1114576,Rb2LiSbF6
1557,mp-1114582,Rb2LiYBr6
1558,mp-1114667,Rb2LiTmCl6
1559,mp-1114698,Rb2LiAsF6
1560,mp-1114700,Rb2LiRhF6
1561,mp-1114701,Rb2LiRuF6
1562,mp-1114702,Rb2LiScF6
1563,mp-1114704,Rb2LiTiF6
1564,mp-1177857,Li2Ti2Sb2O
1565,mp-1177997,Li2Fe3BiO8
1566,mp-1180504,LiH2IO
1567,mp-1185315,Li3La3(MoO6)2
1568,mp-1185531,LiNd6B3O13F2
1569,mp-1191141,SrLi2SiO4
1570,mp-1192111,LiEr(WO4)2
1571,mp-1192391,RbLi2CdC2O6F
1572,mp-1192528,LiCa3As2H
1573,mp-1192557,Ba4Li2(CdAs2)3
1574,mp-1192737,Li4MnSn2Se7
1575,mp-1192995,Li4MnGe2S7
1576,mp-1194740,LiSc(GeO3)2
1577,mp-1194832,LiH4SNO4
1578,mp-1194993,Cs2LiNd(BO3)2
1579,mp-1195057,K3Ba3Li2Al4B6O20F
1580,mp-1195211,LiNd(PN2)4
1581,mp-1195536,CsLi5Mn(P2O7)2
1582,mp-1195542,Rb2LiNd(BO3)2
1583,mp-1195620,LiH2ClO5
1584,mp-1195757,Li2Sn(H5O4)2
1585,mp-1195894,K9Li3Nd3(BO3)7
1586,mp-1196171,LiScH2Se2O7
1587,mp-1196318,Cs2Li3B3P6(PbO12)2
1588,mp-1196446,Li3AsH16(SO2)4
1589,mp-1196748,LiMn3H6(SeO3)8
1590,mp-1196828,NaLiMgPO4F
1591,mp-1196988,K5Li2PrF10
1592,mp-1197046,Li3MgZn5(BH4)15
1593,mp-1197471,LiAs(XeF4)3
1594,mp-1197768,Ba2LiAl(CN2)4
1595,mp-1197930,CsLi2Gd4(BO3)5
1596,mp-1197982,K2LiIn(MoO4)3
1597,mp-1198331,Rb4LiH3(SO4)4
1598,mp-1198378,NaLiFePO4F
1599,mp-1199091,Li3B5(HO5)2
1600,mp-1199210,Li3MnP2(O3F2)2
1601,mp-1199215,LiSm(PO3)4
1602,mp-1199218,Li3As7(H3N)13
1603,mp-1199747,Li2MgB4(H17N3)2
1604,mp-1200209,Li2B6O9F2
1605,mp-1200250,NaLiNiPO4F
1606,mp-1200887,LiEu2CI3N2
1607,mp-1201314,Li8Be6P7O29
1608,mp-1202461,LiCa2Mn2Si5HO15
1609,mp-1203440,LiZnSO4F
1610,mp-1203555,LiBH7N
1611,mp-1204089,CsLiU(PS4)2
1612,mp-1205078,LiCe(PO3)4
1613,mp-1205167,Na3LiY3P3CO15F2
1614,mp-1206187,Rb2LiRhCl6
1615,mp-1206553,Rb2LiRuCl6
1616,mp-1206808,Cs2LiAlF6
1617,mp-1207213,K2LiCuF6
1618,mp-1209991,NaLiLu2F8
1619,mp-1210003,NaLiHo2F8
1620,mp-1210006,NaLiTm2F8
1621,mp-1210682,Na3Li3Rh2F12
1622,mp-1210849,Li2Fe(WO4)2
1623,mp-1210908,Li2Lu5B3O13
1624,mp-1210919,LiLa(WO4)2
1625,mp-1210923,Li2FeGeO4
1626,mp-1210935,Li3Dy3(TeO6)2
1627,mp-1210954,LiSm2RuO6
1628,mp-1210986,Li14Be6(BO3)9
1629,mp-1210989,Li3Er3(TeO6)2
1630,mp-1211020,LiGa(PO3)4
1631,mp-1211080,LiNd2RuO6
1632,mp-1211094,LiCaVF6
1633,mp-1211106,LiPr2RuO6
1634,mp-1211144,LiSm6B3O14
1635,mp-1211152,Li3Eu3(TeO6)2
1636,mp-1211168,Li4Be3P3IO12
1637,mp-1211213,Li3Tb3(TeO6)2
1638,mp-1211214,Li4Be3As3BrO12
1639,mp-1211226,Li3Y3(TeO6)2
1640,mp-1211241,LiNd6B3O14
1641,mp-1211252,Li2La(NO3)5
1642,mp-1211256,Li3Sm3(TeO6)2
1643,mp-1211510,KLiSm2(MoO4)4
1644,mp-1211621,LiZnP2HO7
1645,mp-1211786,Li6Eu(BO3)3
1646,mp-1212270,Li3Lu(NO3)6
1647,mp-1212457,Li3Gd3(TeO6)2
1648,mp-1214633,Ba2LiTeO6
1649,mp-1218428,Sr3LiBiO6
1650,mp-1218762,Sr2Li7CuN4
1651,mp-1219628,RbLiMn(BH4)4
1652,mp-1220972,NaLiZnS2
1653,mp-1222352,LiTiRhO4
1654,mp-1222366,LiNiRhF6
1655,mp-1222409,LiGaBH3O5
1656,mp-1222411,LiCa2CuN2
1657,mp-1222482,Li6AsS5I
1658,mp-1222517,LiLa5Si4N10O
1659,mp-1222525,LiAlGeO4
1660,mp-1222578,LiSc(BH4)4
1661,mp-1222638,LiMg4Al(MoO4)6
1662,mp-1222661,Li2MgCdP2
1663,mp-1222672,LiMgAl(MoO4)3
1664,mp-1222696,Li5Mn5(SeO3)8
1665,mp-1222810,Li2InP2HO8
1666,mp-1222830,Li2InFe(P2O7)2
1667,mp-1222849,Li2ScP2HO8
1668,mp-1222972,Li2TiFe(PO4)3
1669,mp-1223017,Li2TiCr(PO4)3
1670,mp-1223687,Li3Ce4B12(H12Cl)4
1671,mp-12240,Na2LiBe2F7
1672,mp-1226312,Cs2LiV3F12
1673,mp-12448,LiSm2OsO6
1674,mp-12449,LiPr2OsO6
1675,mp-12450,LiNd2OsO6
1676,mp-14030,Na2LiY(Si2O5)3
1677,mp-14363,Rb2LiAsO4
1678,mp-14364,Cs2LiAsO4
1679,mp-14466,KLi6IrO6
1680,mp-14484,KNaLi2(SO4)2
1681,mp-14638,Rb2LiGaF6
1682,mp-15079,Cs4KLiGa2F12
1683,mp-15472,Ba4LiCu(CO5)2
1684,mp-15543,NaLiZr(Si2O5)3
1685,mp-15549,K2LiAlF6
1686,mp-16055,KLi3Zr2(Si2O5)6
1687,mp-16181,Li6Ca12Re4N16O3
1688,mp-16282,KNa2Li3Cr2(Si2O5)6
1689,mp-16283,KNa2Li3Fe2(Si2O5)6
1690,mp-16577,Li2CaHfF8
1691,mp-16691,SrLi2Ti6O14
1692,mp-17034,BaLiCoF6
1693,mp-17240,RbNa3Li12(SiO4)4
1694,mp-17387,LiVAsO5
1695,mp-17664,LiNi2P3O10
1696,mp-17672,BaLi(B3O5)3
1697,mp-17718,CsKNa2Li12(SiO4)4
1698,mp-18048,LiZnAsO4
1699,mp-18194,LiTb(PO3)4
1700,mp-18422,RbLiZn2O3
1701,mp-18495,SrLi(B3O5)3
1702,mp-18640,LiTi2(PO4)3
1703,mp-18722,Cs2LiMnO4
1704,mp-18741,RbLiCrO4
1705,mp-18987,LiMoP2O7
1706,mp-19017,LiFePO4
1707,mp-19104,LiYb(WO4)2
1708,mp-19107,LiMnVO4
1709,mp-19131,LiMnBO3
1710,mp-20052,LiMnAsO4
1711,mp-21270,LiFe(GeO3)2
1712,mp-21650,Li2NiGe3O8
1713,mp-21778,Li2Fe2(MoO4)3
1714,mp-22200,LiMnFeF6
1715,mp-22663,Rb2LiFeF6
1716,mp-22694,LiPPbO4
1717,mp-23582,KLi6BiO6
1718,mp-23626,RbLi2(IO3)3
1719,mp-23648,Li4Al3Si3ClO12
1720,mp-23774,K2LiAlH6
1721,mp-23843,LiHSeO3
1722,mp-23985,LiH6BrO7
1723,mp-24405,LiCd4Ge5HO15
1724,mp-24413,Na2LiAlH6
1725,mp-25407,LiFePO4F
1726,mp-25410,LiMnPO4F
1727,mp-25423,LiVPO4F
1728,mp-25448,LiCrPO4F
1729,mp-25991,Li2Ni3(P2O7)2
1730,mp-26001,LiNi(PO3)3
1731,mp-26003,LiFe(PO3)3
1732,mp-26949,LiSn2(PO3)5
1733,mp-26963,LiVPO5
1734,mp-26995,LiCoP2O7
1735,mp-40575,LiNi2P4H3O14
1736,mp-41701,LiCo2P4H3O14
1737,mp-504354,LiBi(PO3)4
1738,mp-504806,K2Li14Pb3O14
1739,mp-504849,Cs2Li2SiO4
1740,mp-504854,Na2Li3CoO4
1741,mp-510635,KNa2LiTi2Fe2(SiO3)8
1742,mp-510641,LiFeAsO4
1743,mp-541190,Cs2LiVO4
1744,mp-541568,Sr2Li3NbN4
1745,mp-551092,KLiZnO2
1746,mp-551629,CsLiMoO4
1747,mp-552307,Li2Co(WO4)2
1748,mp-553962,Rb2LiNbS4
1749,mp-554108,LiRe(OF2)2
1750,mp-554164,KLiZnP2O7
1751,mp-554203,Li4Ga3Si3ClO12
1752,mp-554324,LiCa9Mn(PO4)7
1753,mp-554395,Na5Li3(TiS4)2
1754,mp-554446,Li2NiPO4F
1755,mp-554560,Li4Be3P3BrO12
1756,mp-554733,Li4Al3Ge3BrO12
1757,mp-554804,Li2MnP2O7
1758,mp-555089,SrLi4Ca(SiO4)2
1759,mp-555140,Cs2Li3GaO4
1760,mp-555186,Li2ZnSnS4
1761,mp-555232,LiU4P3O20
1762,mp-555486,LiEu(PO3)4
1763,mp-555958,Ba2Li3(PO3)7
1764,mp-556649,Li4Ga3Si3BrO12
1765,mp-556655,Li2AlBO4
1766,mp-556886,Li4Al3Ge3ClO12
1767,mp-557012,Li3Sc(BO3)2
1768,mp-557112,Li4Ga3Si3IO12
1769,mp-557456,Li4Al3Ge3IO12
1770,mp-557652,Li3Mo3P3O17
1771,mp-557717,Li3Nd3(WO6)2
1772,mp-557793,Rb4LiZr3H2F19
1773,mp-557969,LiLa2S2O8F3
1774,mp-558105,LiB6O9F
1775,mp-558267,NaLiSiB3HO8
1776,mp-558369,K2LiVO4
1777,mp-558897,LiMgIn(MoO4)3
1778,mp-559443,NaLi2Mo2P3O14
1779,mp-559452,Na5Li(PO4)2
1780,mp-559539,Li2U3P2O15
1781,mp-559680,LiV(GeO3)2
1782,mp-559840,LiV(SiO3)2
1783,mp-559875,K3Na2LiTeO6
1784,mp-559893,LiBi(PdO2)2
1785,mp-560036,Li2Ca3Be3Si3(O6F)2
1786,mp-560072,Li4Be3As3ClO12
1787,mp-560104,LiTaGeO5
1788,mp-560189,NaLi2BO3
1789,mp-560246,LiUP(H4O5)2
1790,mp-560653,RbNaLi6(SiO4)2
1791,mp-560667,CsLi(PO3)2
1792,mp-560793,Li2U(MoO5)2
1793,mp-560894,Li4Be3P3ClO12
1794,mp-561000,Cs4KLiFe2F12
1795,mp-561257,LiPr2C2N4F3
1796,mp-561410,LiFeMoClO4
1797,mp-561743,Li2CoSiO4
1798,mp-562394,Cs4Li2(Si2O5)3
1799,mp-567643,Ba12Na15Li8N6
1800,mp-568385,SrLiGaN2
1801,mp-568863,LiEu2CBr3N2
1802,mp-569001,Sr2LiCoN2
1803,mp-569282,LiCa10MgSb9
1804,mp-569782,Sr2LiCBr3N2
1805,mp-570771,BaLi2(MgSi)2
1806,mp-570850,LiCa2InGe2
1807,mp-571617,Sr2LiInGe2
1808,mp-574653,Cs2LiIr(CN)6
1809,mp-581225,KLiNd2(MoO4)4
1810,mp-581301,Li2MgMn3O8
1811,mp-601344,LiZr3H18N4F19
1812,mp-607785,Rb6LiNd11Se12(Cl4O9)4
1813,mp-607931,Cs3NaLi2(BO3)2
1814,mp-6113,LiTiAsO5
1815,mp-6126,LiCdBO3
1816,mp-6211,RbLiSO4
1817,mp-6247,Na3Li3Fe2F12
1818,mp-6253,KLiBeF4
1819,mp-6332,Li2TiSiO5
1820,mp-638276,LiEu4C3(IN2)3
1821,mp-6412,Li2CuP2O7
1822,mp-641919,KLi3Ca7Ti2Si12(O18F)2
1823,mp-643069,Li2HIO
1824,mp-643655,LiAl2H6ClO6
1825,mp-6442,LiAl(Si2O5)2
1826,mp-6450,K2LiAlP2
1827,mp-645405,Rb6LiPr11Se12(Cl4O9)4
1828,mp-6456,LiNbGeO5
1829,mp-6499,BaLiBO3
1830,mp-6527,Na3Li3In2F12
1831,mp-6565,Li3Sc2(PO4)3
1832,mp-6654,Cs2LiGaF6
1833,mp-6668,LiTiPO5
1834,mp-676483,NaLiZnP2O7
1835,mp-677627,Li3Nd3(TeO6)2
1836,mp-6787,RbLiB4O7
1837,mp-6799,LiCa4(BN2)3
1838,mp-679929,LiEu3SiCl3O4
1839,mp-6838,Na2LiFe(Si2O5)3
1840,mp-6844,KLi3Si12(SnO15)2
1841,mp-684817,K2LiTa6(PO8)3
1842,mp-690617,LiMn3Al2(HO2)6
1843,mp-697181,CsLi2(HO)3
1844,mp-697926,LiCd2HSe2O7
1845,mp-709186,K4LiH3(SO4)4
1846,mp-721239,Li10Ge(PSe6)2
1847,mp-721253,Li10Si(PSe6)2
1848,mp-722330,Li3La2H6(N3O10)3
1849,mp-743574,K3LiMn4(MoO4)6
1850,mp-753051,LiCrPHO5
1851,mp-753353,Sr4LiCu(CO5)2
1852,mp-753560,LiVPHO5
1853,mp-753660,Li2VCrP2(HO5)2
1854,mp-753690,Li4H3BrO3
1855,mp-753899,LiFe(CO3)2
1856,mp-754206,LiBi3(ClO2)2
1857,mp-754990,Li2VP2HO8
1858,mp-756275,LiTiCrO4
1859,mp-756507,LiFePHO5
1860,mp-756582,Li2CoGeO4
1861,mp-756864,LiCrSnO4
1862,mp-757868,K2Li3CoO4
1863,mp-759575,Li2FeSiO4
1864,mp-759912,Li10CoNi9O20
1865,mp-760034,Li2VFeP2(HO5)2
1866,mp-760046,LiPH21S3N7
1867,mp-760236,Li2VCrP2(O4F)2
1868,mp-7610,Li2CaSiO4
1869,mp-7611,Li2CaGeO4
1870,mp-761124,KLiMnPCO7
1871,mp-761940,Li2MnCo3O8
1872,mp-764571,Li2VFeP2(O4F)2
1873,mp-765311,LiVCrP2(HO5)2
1874,mp-766101,Li2FeP2HO8
1875,mp-768110,Li2Ti3CoO8
1876,mp-769530,Li3Mn4(FeO6)2
1877,mp-769637,Li5Ti6FeO16
1878,mp-771705,LiMnNbO4
1879,mp-772042,LiTiVO4
1880,mp-772395,LiV(OF)2
1881,mp-772981,Li2Zn3(Ge3O8)2
1882,mp-773085,LiCoSbO4
1883,mp-774432,K2Li3NiO4
1884,mp-774749,RbNa3Li12Ti4O16
1885,mp-774752,Li2MgTi3O8
1886,mp-774907,KLiZnS2
1887,mp-774920,LiFeSbO4
1888,mp-775304,Na9LiFe10(SiO3)20
1889,mp-775393,Li2Cr3SbO8
1890,mp-777670,Li4V3Cr3(SnO8)2
1891,mp-8220,LiTb(CuP)2
1892,mp-8294,Cs2Li2TiO4
1893,mp-8491,LiInP2O7
1894,mp-863378,LiCoPO4
1895,mp-866640,LiMgH6Ir
1896,mp-866667,Li3AsH36(SeN3)4
1897,mp-866716,RbLiH12Se3N4
1898,mp-8673,Li2SnTeO6
1899,mp-867640,Li4CoNi3O8
1900,mp-8796,Sr2LiSc(B2O5)2
1901,mp-943462,LiFeHSO5
1902,mp-9722,Na2LiGaAs2
1903,mp-979340,Sr2LiTaN3F
1904,mp-989512,LiTl2InCl6
1905,mp-989559,Cs2NaLiF6
1906,mp-989562,Cs2LiTlF6
1907,mp-989577,LiTl2GaF6
