0,1,2,3
mp-135,mp-2049,mp-2283,mp-929
mp-129,mp-135,mp-2049,mp-929
mp-1139,mp-135,mp-30569,mp-54
mp-1139,mp-129,mp-135,mp-30569
mp-129,mp-135,mp-30569,mp-929
mp-1005986,mp-131,mp-135,mp-30619
mp-1005986,mp-131,mp-135,mp-2049
mp-1005986,mp-135,mp-2049,mp-30619
mp-135,mp-2049,mp-2283,mp-628
mp-135,mp-2049,mp-30619,mp-628
mp-1075,mp-135,mp-23,
mp-1105945,mp-135,mp-69,
mp-1105945,mp-135,mp-999145,
mp-1075,mp-1200995,mp-135,
mp-1095619,mp-1200995,mp-135,
mp-135,mp-1402,mp-999145,
mp-1095619,mp-135,mp-1402,
mp-1080107,mp-135,mp-44,
mp-135,mp-1383,mp-54,
mp-1080107,mp-135,mp-1383,
mp-1104652,mp-123,mp-135,
mp-135,mp-356,mp-54,
mp-1084826,mp-1104652,mp-135,
mp-1084826,mp-135,mp-356,
mp-135,mp-23,mp-2645,
mp-1189509,mp-135,mp-162,
mp-1189509,mp-135,mp-1980,
mp-1095559,mp-135,mp-1980,
mp-1095559,mp-135,mp-2645,
mp-135,mp-1824,mp-23,
mp-1188200,mp-123,mp-135,
mp-1188200,mp-135,mp-999339,
mp-1095561,mp-135,mp-1824,
mp-1095561,mp-135,mp-999339,
mp-1101953,mp-135,mp-49,
mp-1190011,mp-135,mp-144,
mp-1101953,mp-135,mp-867269,
mp-1190011,mp-135,mp-867269,
mp-1102035,mp-1186901,mp-135,
mp-1102035,mp-135,mp-69,
mp-1102043,mp-135,mp-49,
mp-135,mp-26,mp-867813,
mp-1102043,mp-135,mp-867813,
mp-1102143,mp-1186901,mp-135,
mp-1102143,mp-135,mp-99,
mp-1102210,mp-1186901,mp-135,
mp-1102210,mp-1184067,mp-135,
mp-1102233,mp-113,mp-135,
mp-1102233,mp-11698,mp-135,
mp-1102302,mp-135,mp-49,
mp-1102302,mp-135,mp-28,
mp-135,mp-1395,mp-214,mp-865382
mp-1102307,mp-131,mp-135,mp-146
mp-1102307,mp-131,mp-135,mp-214
mp-1102307,mp-135,mp-146,mp-865382
mp-1102307,mp-135,mp-214,mp-865382
mp-135,mp-1395,mp-214,mp-971788
mp-135,mp-214,mp-33,mp-971788
mp-1102328,mp-1186901,mp-135,
mp-1102328,mp-135,mp-144,
mp-1102217,mp-135,mp-33,
mp-1102217,mp-1103979,mp-135,
mp-1106300,mp-123,mp-135,
mp-1103979,mp-1106300,mp-135,
mp-111,mp-135,,
mp-11275,mp-1186901,mp-135,
mp-135,mp-569364,mp-87,
mp-11275,mp-135,mp-569364,
mp-11277,mp-135,mp-67,
mp-135,mp-87,mp-972891,
mp-11277,mp-1209010,mp-135,
mp-1209010,mp-135,mp-972891,
mp-1163,mp-135,mp-87,
mp-1163,mp-135,mp-44,
mp-1183069,mp-135,,
mp-1183732,mp-135,mp-37,
mp-1183732,mp-135,mp-28,
mp-135,mp-33,mp-569220,mp-867111
mp-1105841,mp-1183856,mp-1184067,mp-135
mp-1105841,mp-1183856,mp-135,mp-99
mp-1105841,mp-135,mp-30622,mp-862661
mp-1105841,mp-135,mp-862661,mp-99
mp-135,mp-30622,mp-862661,mp-867111
mp-135,mp-569220,mp-862661,mp-867111
mp-1183786,mp-135,mp-33,mp-865959
mp-1105841,mp-135,mp-144,mp-865959
mp-1105841,mp-135,mp-30622,mp-865959
mp-1183786,mp-135,mp-33,mp-867111
mp-135,mp-30622,mp-865959,mp-867111
mp-1183786,mp-135,mp-865959,mp-867111
mp-1105841,mp-1183844,mp-1184067,mp-135
mp-1105841,mp-1183844,mp-135,mp-144
mp-11534,mp-1183816,mp-1185267,mp-135
mp-1105841,mp-11534,mp-1184067,mp-135
mp-1105841,mp-11534,mp-135,mp-30622
mp-1185267,mp-135,mp-33,mp-867111
mp-1183816,mp-1185267,mp-135,mp-867111
mp-11534,mp-135,mp-30622,mp-867111
mp-11534,mp-1183816,mp-135,mp-867111
mp-1184151,mp-135,,
mp-103,mp-135,mp-2802,mp-99
mp-135,mp-2802,mp-33,mp-569220
mp-135,mp-2802,mp-862661,mp-99
mp-135,mp-2802,mp-569220,mp-862661
mp-1194143,mp-135,mp-862661,mp-99
mp-135,mp-30867,mp-569220,mp-862661
mp-1209947,mp-135,mp-67,mp-99
mp-1194143,mp-1209947,mp-135,mp-99
mp-135,mp-33,mp-567750,mp-569220
mp-135,mp-30867,mp-567750,mp-569220
mp-135,mp-30867,mp-862661,mp-865795
mp-1194143,mp-135,mp-862661,mp-865795
mp-10740,mp-135,mp-862558,mp-99
mp-10740,mp-1184323,mp-135,mp-49
mp-1184323,mp-135,mp-49,mp-862558
mp-10740,mp-1184323,mp-135,mp-862558
mp-1184196,mp-135,mp-145,mp-977393
mp-1184196,mp-135,mp-977393,mp-99
mp-11495,mp-135,mp-568630,mp-569220
mp-135,mp-33,mp-568630,mp-569220
mp-11495,mp-135,mp-862661,mp-977393
mp-11495,mp-135,mp-569220,mp-862661
mp-135,mp-862661,mp-977393,mp-99
mp-135,mp-33,mp-646926,mp-669713
mp-135,mp-155,mp-542632,mp-866058
mp-135,mp-542632,mp-646926,mp-866058
mp-135,mp-21305,mp-23,mp-33
mp-135,mp-21305,mp-33,mp-669713
mp-135,mp-542632,mp-543019,mp-646926
mp-135,mp-543019,mp-646926,mp-669713
mp-135,mp-145,mp-155,mp-977393
mp-11495,mp-135,mp-866058,mp-977393
mp-135,mp-155,mp-866058,mp-977393
mp-135,mp-33,mp-568630,mp-646926
mp-135,mp-568630,mp-646926,mp-866058
mp-11495,mp-135,mp-568630,mp-866058
mp-11460,mp-129,mp-135,mp-2363
mp-103,mp-11460,mp-135,mp-2363
mp-113,mp-1184589,mp-129,mp-135
mp-11460,mp-1184589,mp-129,mp-135
mp-1095669,mp-113,mp-1184589,mp-135
mp-1095669,mp-11460,mp-1184589,mp-135
mp-135,mp-155,mp-37,mp-573601
mp-12775,mp-135,mp-33,mp-646926
mp-12775,mp-135,mp-646926,mp-866058
mp-12775,mp-135,mp-573601,mp-866058
mp-135,mp-155,mp-573601,mp-866058
mp-112,mp-1207781,mp-135,mp-155
mp-135,mp-33,mp-568186,mp-646926
mp-135,mp-568186,mp-646926,mp-866058
mp-1207781,mp-135,mp-155,mp-866058
mp-135,mp-568186,mp-862673,mp-866058
mp-1207781,mp-135,mp-862673,mp-866058
mp-1223854,mp-135,mp-33,mp-865959
mp-1223854,mp-135,mp-2396,mp-865959
mp-135,mp-144,mp-622565,mp-865959
mp-1023,mp-135,mp-33,mp-54
mp-1023,mp-1223854,mp-135,mp-33
mp-1223854,mp-135,mp-2396,mp-30558
mp-1023,mp-1223854,mp-135,mp-30558
mp-135,mp-2396,mp-30969,mp-865959
mp-135,mp-30969,mp-622565,mp-865959
mp-131,mp-135,mp-155,mp-214
mp-135,mp-214,mp-33,mp-646926
mp-135,mp-155,mp-214,mp-866058
mp-135,mp-214,mp-646926,mp-866058
mp-135,mp-155,mp-862661,mp-99
mp-135,mp-33,mp-569220,mp-646926
mp-135,mp-569220,mp-862661,mp-866058
mp-135,mp-569220,mp-646926,mp-866058
mp-135,mp-155,mp-862661,mp-866058
mp-131,mp-135,mp-144,mp-214
mp-135,mp-144,mp-214,mp-865959
mp-1184822,mp-135,mp-214,mp-865959
mp-1184822,mp-135,mp-214,mp-33
mp-1184822,mp-135,mp-33,mp-865959
mp-1184831,mp-135,mp-33,mp-862614
mp-1184899,mp-135,mp-144,mp-862614
mp-1184899,mp-135,mp-143,mp-862614
mp-1184831,mp-135,mp-33,mp-865959
mp-135,mp-144,mp-862614,mp-865959
mp-1184831,mp-135,mp-862614,mp-865959
mp-1184905,mp-135,,
mp-1186205,mp-129,mp-135,mp-49
mp-1186205,mp-1220934,mp-135,mp-49
mp-1186205,mp-1220327,mp-129,mp-135
mp-1186205,mp-1220934,mp-135,mp-1932
mp-1220327,mp-135,mp-1932,mp-75
mp-1186205,mp-1220327,mp-135,mp-1932
mp-1186206,mp-129,mp-135,mp-975834
mp-11517,mp-135,mp-33,mp-975834
mp-11517,mp-1186206,mp-135,mp-975834
mp-11517,mp-1186206,mp-135,mp-432
mp-1186206,mp-1220327,mp-135,mp-75
mp-1186206,mp-1220327,mp-129,mp-135
mp-1186206,mp-135,mp-75,mp-977434
mp-1186206,mp-135,mp-432,mp-977434
mp-1220322,mp-135,mp-75,mp-977434
mp-1186207,mp-1220322,mp-135,mp-977434
mp-1186207,mp-135,mp-862630,mp-974455
mp-1186207,mp-1186901,mp-135,mp-974455
mp-1186207,mp-1186901,mp-1220322,mp-135
mp-11517,mp-135,mp-33,mp-862630
mp-11517,mp-1186207,mp-135,mp-862630
mp-1186207,mp-135,mp-432,mp-977434
mp-11517,mp-1186207,mp-135,mp-432
mp-1186209,mp-1217363,mp-135,mp-861630
mp-113,mp-1186209,mp-135,mp-861630
mp-113,mp-1186209,mp-1220323,mp-135
mp-1186209,mp-1217363,mp-135,mp-867356
mp-1186209,mp-1220323,mp-1220634,mp-135
mp-1220634,mp-135,mp-75,mp-977434
mp-1186209,mp-1220634,mp-135,mp-977434
mp-11517,mp-135,mp-33,mp-867356
mp-11517,mp-1186209,mp-135,mp-867356
mp-1186209,mp-135,mp-432,mp-977434
mp-11517,mp-1186209,mp-135,mp-432
mp-1220634,mp-135,mp-1932,mp-75
mp-1220323,mp-1220634,mp-135,mp-1932
mp-1220934,mp-135,mp-49,mp-867212
mp-1186210,mp-1220934,mp-135,mp-867212
mp-113,mp-1186210,mp-1220323,mp-135
mp-1186210,mp-1220934,mp-135,mp-1932
mp-1186210,mp-1220323,mp-135,mp-1932
mp-1186210,mp-135,mp-862779,mp-867212
mp-113,mp-1186210,mp-135,mp-862779
mp-1183837,mp-135,mp-23,mp-863718
mp-1183837,mp-135,mp-54,mp-863718
mp-1186456,mp-135,mp-863718,mp-867200
mp-1186456,mp-135,mp-54,mp-867200
mp-1186456,mp-135,mp-54,mp-863718
mp-135,mp-144,mp-865959,mp-867200
mp-1186586,mp-135,mp-33,mp-865959
mp-1186586,mp-135,mp-33,mp-863675
mp-135,mp-863675,mp-865959,mp-867200
mp-1186586,mp-135,mp-863675,mp-865959
mp-1187242,mp-1220322,mp-135,mp-75
mp-1186901,mp-1187242,mp-1220322,mp-135
mp-1186767,mp-135,mp-50,mp-75
mp-1186767,mp-1187242,mp-135,mp-75
mp-1186901,mp-1187242,mp-1217894,mp-135
mp-1186767,mp-1187203,mp-135,mp-50
mp-1186767,mp-1187203,mp-1187242,mp-135
mp-1187203,mp-1187242,mp-1217894,mp-135
mp-1186772,mp-1186901,mp-135,mp-90
mp-1186772,mp-1186901,mp-1217894,mp-135
mp-1186772,mp-135,mp-2385,mp-90
mp-1186772,mp-1187203,mp-1217894,mp-135
mp-1187203,mp-135,mp-2385,mp-50
mp-1186772,mp-1187203,mp-135,mp-2385
mp-1186901,mp-1187208,mp-135,mp-91
mp-1186901,mp-1187208,mp-1217894,mp-135
mp-1187208,mp-135,mp-91,mp-979289
mp-1187203,mp-1187208,mp-135,mp-50
mp-1187203,mp-1187208,mp-1217894,mp-135
mp-1187206,mp-1187208,mp-135,mp-50
mp-1187206,mp-1187208,mp-135,mp-979289
mp-11572,mp-135,mp-49,mp-867212
mp-11572,mp-135,mp-862779,mp-867212
mp-113,mp-11572,mp-135,mp-862779
mp-11572,mp-1187197,mp-135,mp-50
mp-11572,mp-1187197,mp-1218177,mp-135
mp-11572,mp-1187210,mp-135,mp-49
mp-11572,mp-1187210,mp-1218177,mp-135
mp-1187210,mp-1187243,mp-135,mp-49
mp-1187210,mp-1187243,mp-1218177,mp-135
mp-1187211,mp-135,mp-1601,mp-91
mp-135,mp-33,mp-862655,mp-867816
mp-1187211,mp-135,mp-91,mp-979289
mp-1187211,mp-135,mp-50,mp-977390
mp-135,mp-861666,mp-861954,mp-862655
mp-135,mp-861954,mp-862655,mp-867816
mp-135,mp-861666,mp-861954,mp-91
mp-135,mp-1601,mp-861954,mp-91
mp-1187206,mp-1187211,mp-135,mp-50
mp-1187206,mp-1187211,mp-135,mp-979289
mp-1187211,mp-1218044,mp-135,mp-1601
mp-1187211,mp-1218044,mp-135,mp-977390
mp-129,mp-135,mp-291,mp-49
mp-1017983,mp-129,mp-135,mp-291
mp-1187420,mp-135,mp-291,mp-72
mp-1017983,mp-1187420,mp-135,mp-72
mp-1017983,mp-1187420,mp-135,mp-291
mp-113,mp-1187470,mp-135,mp-90
mp-113,mp-11573,mp-1187470,mp-135
mp-11573,mp-1187470,mp-135,mp-90
mp-11573,mp-135,mp-1425,mp-72
mp-11573,mp-135,mp-1425,mp-90
mp-1017983,mp-1187511,mp-129,mp-135
mp-1017983,mp-1187511,mp-135,mp-2179
mp-12662,mp-129,mp-135,mp-518
mp-1187511,mp-129,mp-135,mp-518
mp-1186901,mp-12662,mp-135,mp-518
mp-1187511,mp-135,mp-2179,mp-518
mp-1017983,mp-1018125,mp-135,mp-72
mp-1017983,mp-1018125,mp-135,mp-2179
mp-112,mp-1187789,mp-135,
mp-1187847,mp-135,mp-99,
mp-1187789,mp-1187847,mp-135,
mp-1095545,mp-135,mp-485,mp-556
mp-1095545,mp-113,mp-135,mp-867357
mp-1095545,mp-135,mp-485,mp-867357
mp-135,mp-23,mp-2717,mp-867357
mp-135,mp-2717,mp-485,mp-867357
mp-1095545,mp-1188020,mp-135,mp-865893
mp-1095545,mp-1188020,mp-135,mp-556
mp-1188020,mp-135,mp-556,mp-865893
mp-131,mp-135,mp-328,mp-865893
mp-135,mp-328,mp-556,mp-865893
mp-10740,mp-113,mp-1188046,mp-135
mp-1095545,mp-113,mp-1188046,mp-135
mp-1095545,mp-1188046,mp-135,mp-865893
mp-10740,mp-131,mp-135,mp-865893
mp-10740,mp-1188046,mp-135,mp-865893
mp-135,mp-49,mp-570670,
mp-112,mp-1188757,mp-135,
mp-135,mp-570670,mp-862719,
mp-1188757,mp-135,mp-862719,
mp-135,mp-23,mp-30808,
mp-1189379,mp-135,mp-30808,
mp-11698,mp-135,mp-623751,
mp-135,mp-623751,mp-999130,
mp-1189379,mp-135,mp-276,
mp-135,mp-276,mp-999130,
mp-1102508,mp-135,mp-49,
mp-1184067,mp-1189887,mp-135,
mp-1102508,mp-135,mp-867776,
mp-1189887,mp-135,mp-867776,
mp-1059256,mp-1189967,mp-135,
mp-135,mp-49,mp-567339,
mp-1189967,mp-135,mp-567339,
mp-135,mp-49,mp-570007,
mp-1190029,mp-135,mp-69,
mp-135,mp-570007,mp-866150,
mp-1190029,mp-135,mp-866150,
mp-135,mp-2157,mp-2337,mp-91
mp-135,mp-1400,mp-2337,mp-91
mp-1064981,mp-135,mp-1400,mp-2337
mp-1064981,mp-1190841,mp-135,mp-1400
mp-1205422,mp-135,mp-2157,mp-54
mp-1205422,mp-135,mp-2157,mp-2337
mp-103,mp-1190841,mp-1192784,mp-135
mp-103,mp-1192784,mp-135,mp-1400
mp-1190841,mp-1192784,mp-135,mp-1400
mp-1193092,mp-135,mp-87,
mp-1193092,mp-135,mp-99,
mp-1193176,mp-135,mp-35,
mp-1193176,mp-135,mp-145,
mp-129,mp-135,mp-2049,mp-556
mp-129,mp-135,mp-485,mp-556
mp-135,mp-2049,mp-328,mp-556
mp-1193397,mp-131,mp-135,mp-328
mp-1193397,mp-131,mp-135,mp-2049
mp-1193397,mp-135,mp-2049,mp-328
mp-11507,mp-135,mp-23,mp-2717
mp-129,mp-135,mp-2717,mp-485
mp-11506,mp-11507,mp-135,mp-2717
mp-11506,mp-129,mp-135,mp-2717
mp-1193529,mp-135,mp-87,
mp-1059256,mp-1193529,mp-135,
mp-1193534,mp-135,mp-87,
mp-112,mp-1193534,mp-135,
mp-1193889,mp-135,mp-87,
mp-1193889,mp-135,mp-144,
mp-135,mp-162,mp-281,
mp-1199900,mp-135,mp-54,
mp-1199900,mp-135,mp-281,
mp-135,mp-2773,mp-30569,mp-54
mp-135,mp-2773,mp-30569,mp-929
mp-1207415,mp-135,mp-2773,mp-929
mp-1183425,mp-135,mp-2544,mp-2773
mp-1207415,mp-135,mp-2544,mp-2773
mp-11283,mp-1207415,mp-135,mp-2544
mp-11283,mp-1207415,mp-135,mp-628
mp-1183425,mp-135,mp-2544,mp-30445
mp-1207415,mp-135,mp-2283,mp-929
mp-1207415,mp-135,mp-2283,mp-628
mp-11283,mp-131,mp-135,mp-30619
mp-11283,mp-135,mp-30619,mp-628
mp-1071690,mp-135,mp-30445,mp-87
mp-1071690,mp-1183425,mp-135,mp-30445
mp-129,mp-135,mp-2049,mp-972071
mp-1215168,mp-135,mp-2049,mp-972071
mp-1215168,mp-131,mp-135,mp-2049
mp-1215168,mp-135,mp-146,mp-972071
mp-1215168,mp-131,mp-135,mp-146
mp-1215217,mp-135,mp-548,mp-75
mp-1215217,mp-131,mp-135,mp-75
mp-1215217,mp-135,mp-548,mp-90
mp-1215217,mp-131,mp-135,mp-903
mp-1215217,mp-135,mp-90,mp-903
mp-131,mp-135,mp-146,mp-30619
mp-1215478,mp-135,mp-542614,mp-929
mp-135,mp-146,mp-1585,mp-30619
mp-1215478,mp-135,mp-1585,mp-542614
mp-135,mp-30569,mp-54,mp-542614
mp-135,mp-30569,mp-542614,mp-929
mp-1215478,mp-135,mp-2283,mp-929
mp-1215478,mp-135,mp-1585,mp-628
mp-135,mp-1585,mp-30619,mp-628
mp-1215478,mp-135,mp-2283,mp-628
mp-1079399,mp-1215479,mp-135,mp-146
mp-1215479,mp-131,mp-135,mp-146
mp-13,mp-135,mp-1718,mp-866134
mp-1079399,mp-135,mp-1718,mp-866134
mp-1079399,mp-1215479,mp-1215874,mp-135
mp-1079399,mp-1215874,mp-135,mp-1718
mp-1215479,mp-1215874,mp-131,mp-135
mp-1215874,mp-131,mp-135,mp-31205
mp-1215874,mp-135,mp-1718,mp-31205
mp-13,mp-135,mp-1718,mp-601820
mp-135,mp-1718,mp-601820,mp-601848
mp-135,mp-2090,mp-30569,mp-54
mp-135,mp-1718,mp-30619,mp-628
mp-135,mp-1718,mp-2283,mp-628
mp-135,mp-2090,mp-30569,mp-601842
mp-135,mp-30569,mp-601842,mp-929
mp-135,mp-1718,mp-601842,mp-601848
mp-131,mp-135,mp-30619,mp-31205
mp-135,mp-1718,mp-30619,mp-31205
mp-1215554,mp-135,mp-2283,mp-929
mp-1215554,mp-135,mp-1718,mp-2283
mp-1215554,mp-135,mp-1718,mp-601842
mp-1215554,mp-135,mp-601842,mp-929
mp-1079399,mp-112,mp-135,mp-146
mp-1079399,mp-112,mp-135,mp-866134
mp-112,mp-135,mp-1570,mp-866134
mp-1192321,mp-135,mp-1570,mp-866134
mp-1215844,mp-13,mp-135,mp-866134
mp-1192321,mp-1215844,mp-135,mp-866134
mp-11385,mp-1215844,mp-13,mp-135
mp-11385,mp-1192321,mp-1215844,mp-135
mp-135,mp-2090,mp-54,mp-570718
mp-1215958,mp-1294,mp-135,mp-865373
mp-1215958,mp-1294,mp-135,mp-601848
mp-1294,mp-135,mp-2588,mp-601848
mp-1215958,mp-135,mp-601820,mp-601848
mp-135,mp-2588,mp-601842,mp-601848
mp-135,mp-2588,mp-570718,mp-601842
mp-135,mp-2090,mp-570718,mp-601842
mp-1192321,mp-1215958,mp-135,mp-865373
mp-1105598,mp-112,mp-135,mp-1570
mp-1105598,mp-1192321,mp-135,mp-1570
mp-11385,mp-1192321,mp-1215958,mp-135
mp-11385,mp-13,mp-135,mp-601820
mp-11385,mp-1215958,mp-135,mp-601820
mp-1192321,mp-135,mp-573425,mp-865373
mp-1105598,mp-1192321,mp-135,mp-573425
mp-135,mp-1425,mp-72,mp-75
mp-1216666,mp-135,mp-548,mp-75
mp-1216666,mp-135,mp-1425,mp-75
mp-1216666,mp-135,mp-548,mp-90
mp-1216666,mp-135,mp-1425,mp-90
mp-135,mp-1949,mp-316,mp-35
mp-135,mp-316,mp-72,mp-864984
mp-135,mp-146,mp-72,mp-864984
mp-1202079,mp-135,mp-72,mp-865678
mp-1202079,mp-135,mp-1949,mp-865678
mp-135,mp-1949,mp-316,mp-865678
mp-1217201,mp-135,mp-316,mp-72
mp-1217201,mp-135,mp-316,mp-865678
mp-1217201,mp-135,mp-72,mp-865678
mp-1183837,mp-135,mp-1409,mp-23
mp-1183837,mp-135,mp-1409,mp-54
mp-1067248,mp-135,mp-1409,mp-823
mp-1067248,mp-1217247,mp-135,mp-823
mp-135,mp-1409,mp-54,mp-608
mp-135,mp-1409,mp-608,mp-823
mp-1217247,mp-135,mp-1808,mp-72
mp-1067248,mp-1217247,mp-135,mp-1808
mp-1191331,mp-1217247,mp-135,mp-72
mp-1191331,mp-1217247,mp-135,mp-823
mp-11698,mp-135,mp-144,mp-1926
mp-11698,mp-1217473,mp-135,mp-1926
mp-11698,mp-1217473,mp-135,mp-589
mp-1217473,mp-135,mp-1926,mp-30634
mp-13,mp-135,mp-2584,mp-30634
mp-1217473,mp-135,mp-2584,mp-589
mp-1217473,mp-135,mp-2584,mp-30634
mp-11698,mp-1188994,mp-135,mp-589
mp-1188994,mp-135,mp-30967,mp-589
mp-135,mp-2584,mp-30967,mp-589
mp-1199370,mp-135,mp-2090,mp-54
mp-1095562,mp-135,mp-601842,mp-601848
mp-1095562,mp-1199370,mp-135,mp-601842
mp-1199370,mp-135,mp-2090,mp-601842
mp-13,mp-135,mp-2584,mp-601820
mp-1217710,mp-135,mp-601820,mp-601848
mp-1217710,mp-135,mp-2584,mp-601820
mp-1217710,mp-135,mp-2584,mp-30967
mp-1095562,mp-135,mp-2265,mp-601848
mp-1217710,mp-135,mp-2265,mp-601848
mp-1217710,mp-135,mp-2265,mp-30967
mp-1087479,mp-11358,mp-135,mp-90
mp-1087479,mp-11358,mp-135,mp-54
mp-11358,mp-1218022,mp-1218179,mp-135
mp-1218022,mp-1218179,mp-135,mp-2385
mp-11358,mp-135,mp-2385,mp-90
mp-11358,mp-1218022,mp-135,mp-2385
mp-135,mp-2385,mp-50,mp-574
mp-1218179,mp-135,mp-2385,mp-574
mp-13,mp-135,mp-69,mp-980752
mp-13,mp-135,mp-7317,mp-980752
mp-13,mp-135,mp-601820,mp-7317
mp-135,mp-601820,mp-601848,mp-7317
mp-1200096,mp-135,mp-2090,mp-54
mp-1200096,mp-135,mp-2090,mp-601842
mp-135,mp-601842,mp-601848,mp-7317
mp-1200096,mp-1219231,mp-135,mp-540547
mp-1200096,mp-1219231,mp-135,mp-601842
mp-1219231,mp-135,mp-336,mp-540547
mp-135,mp-336,mp-601842,mp-7317
mp-1219231,mp-135,mp-336,mp-601842
mp-13,mp-135,mp-33,mp-567750
mp-13,mp-135,mp-30867,mp-567750
mp-1219434,mp-13,mp-135,mp-30867
mp-1219434,mp-13,mp-135,mp-540
mp-1219434,mp-135,mp-30867,mp-540
mp-1209947,mp-135,mp-540,mp-67
mp-1194143,mp-1209947,mp-135,mp-540
mp-135,mp-30867,mp-540,mp-865795
mp-1194143,mp-135,mp-540,mp-865795
mp-1220327,mp-1220799,mp-135,mp-75
mp-1220327,mp-129,mp-135,mp-1451
mp-1220327,mp-1220799,mp-135,mp-1451
mp-11507,mp-135,mp-1451,mp-23
mp-11506,mp-11507,mp-1220426,mp-135
mp-11507,mp-1220426,mp-135,mp-1451
mp-11506,mp-1220426,mp-129,mp-135
mp-1220426,mp-129,mp-135,mp-1451
mp-135,mp-146,mp-1585,mp-75
mp-135,mp-54,mp-542614,mp-977426
mp-135,mp-1585,mp-542614,mp-7250
mp-135,mp-542614,mp-7250,mp-977426
mp-1220522,mp-135,mp-7250,mp-75
mp-1220522,mp-135,mp-1585,mp-75
mp-1220522,mp-135,mp-1585,mp-7250
mp-135,mp-146,mp-7226,mp-75
mp-135,mp-1451,mp-171,mp-23
mp-1220599,mp-1220799,mp-135,mp-75
mp-1220599,mp-135,mp-7226,mp-75
mp-1220599,mp-1220799,mp-135,mp-1451
mp-1220599,mp-135,mp-1451,mp-7226
mp-11531,mp-135,mp-1451,mp-171
mp-11531,mp-135,mp-1451,mp-7226
mp-135,mp-2090,mp-54,mp-977426
mp-1077790,mp-13,mp-135,mp-601820
mp-1077790,mp-135,mp-601820,mp-601848
mp-135,mp-2090,mp-601842,mp-977426
mp-1077790,mp-135,mp-601842,mp-601848
mp-1077790,mp-135,mp-601842,mp-977426
mp-1221162,mp-135,mp-7250,mp-75
mp-1077790,mp-1221162,mp-135,mp-7250
mp-1220766,mp-135,mp-7250,mp-977426
mp-1077790,mp-1220766,mp-135,mp-977426
mp-1077790,mp-1220766,mp-135,mp-7250
mp-1104417,mp-135,mp-26,mp-28
mp-1104417,mp-135,mp-28,mp-570369
mp-1202486,mp-135,mp-570629,mp-607
mp-1202486,mp-135,mp-570369,mp-570629
mp-1104417,mp-1202486,mp-135,mp-570369
mp-1222913,mp-135,mp-33,mp-607
mp-1202486,mp-1222913,mp-135,mp-33
mp-1202486,mp-1222913,mp-135,mp-607
mp-135,mp-26,mp-28,mp-457
mp-1222939,mp-135,mp-26,mp-457
mp-1193251,mp-1222939,mp-135,mp-26
mp-1222939,mp-135,mp-457,mp-87
mp-1193251,mp-1222939,mp-135,mp-87
mp-135,mp-21188,mp-28,mp-573855
mp-1189497,mp-135,mp-26,mp-28
mp-1189497,mp-135,mp-28,mp-573855
mp-1204381,mp-135,mp-1679,mp-1910
mp-1064719,mp-135,mp-21188,mp-573855
mp-1064719,mp-135,mp-1654,mp-21188
mp-1223428,mp-135,mp-1910,mp-23
mp-1223428,mp-135,mp-23,mp-2317
mp-1223428,mp-135,mp-1679,mp-2317
mp-1223428,mp-135,mp-1679,mp-1910
mp-1204381,mp-135,mp-1679,mp-2764
mp-1204381,mp-135,mp-2764,mp-582055
mp-1064719,mp-135,mp-580354,mp-582055
mp-1204381,mp-135,mp-580354,mp-582055
mp-1064719,mp-135,mp-1654,mp-580354
mp-1023,mp-135,mp-2090,mp-54
mp-135,mp-2396,mp-601842,mp-601848
mp-1023,mp-135,mp-2090,mp-601842
mp-135,mp-144,mp-1926,mp-622565
mp-1223978,mp-135,mp-2396,mp-601848
mp-1223978,mp-135,mp-1926,mp-622565
mp-135,mp-2396,mp-30558,mp-601842
mp-1023,mp-135,mp-30558,mp-601842
mp-1223978,mp-13,mp-135,mp-601820
mp-1223978,mp-135,mp-601820,mp-601848
mp-1223978,mp-13,mp-135,mp-30634
mp-1223978,mp-135,mp-1926,mp-30634
mp-1223978,mp-135,mp-2396,mp-30969
mp-1223978,mp-135,mp-30969,mp-622565
mp-103,mp-135,mp-1400,mp-983459
mp-131,mp-135,mp-1400,mp-983459
mp-1224067,mp-135,mp-675,mp-91
mp-1224067,mp-135,mp-1400,mp-91
mp-1224067,mp-131,mp-135,mp-675
mp-1224067,mp-131,mp-135,mp-1400
mp-1184067,mp-135,mp-1757,mp-646392
mp-135,mp-2090,mp-54,mp-569638
mp-135,mp-568945,mp-601842,mp-601848
mp-135,mp-568945,mp-569638,mp-601842
mp-135,mp-2090,mp-569638,mp-601842
mp-1225366,mp-135,mp-573622,mp-646392
mp-1225366,mp-135,mp-1757,mp-646392
mp-1225366,mp-135,mp-1757,mp-568006
mp-1225366,mp-135,mp-568945,mp-601848
mp-1225366,mp-13,mp-135,mp-568006
mp-1225366,mp-135,mp-2628,mp-573622
mp-1225366,mp-135,mp-2628,mp-568945
mp-1225366,mp-13,mp-135,mp-601820
mp-1225366,mp-135,mp-601820,mp-601848
mp-13,mp-135,mp-33,mp-569220
mp-135,mp-474,mp-862661,mp-99
mp-1225543,mp-135,mp-569220,mp-862661
mp-1225543,mp-13,mp-135,mp-569220
mp-1225543,mp-13,mp-135,mp-862661
mp-13,mp-135,mp-569783,mp-862661
mp-135,mp-474,mp-569783,mp-862661
mp-1105598,mp-112,mp-135,mp-28
mp-1105598,mp-1112,mp-135,mp-28
mp-1112,mp-135,mp-573425,mp-865373
mp-1105598,mp-1112,mp-135,mp-573425
mp-1112,mp-1294,mp-135,mp-865373
mp-1112,mp-1294,mp-135,mp-2588
mp-1112,mp-135,mp-2588,mp-570718
mp-1226612,mp-135,mp-54,mp-570718
mp-1112,mp-1226612,mp-135,mp-570718
mp-1226612,mp-135,mp-2216,mp-54
mp-1112,mp-1226612,mp-135,mp-2216
mp-135,mp-21188,mp-28,mp-570369
mp-135,mp-21188,mp-570369,mp-570629
mp-1226785,mp-135,mp-33,mp-607
mp-1226785,mp-135,mp-570629,mp-607
mp-135,mp-1910,mp-23,mp-33
mp-1204381,mp-1226785,mp-135,mp-33
mp-1204381,mp-135,mp-1910,mp-33
mp-1226785,mp-135,mp-570629,mp-580354
mp-1204381,mp-1226785,mp-135,mp-580354
mp-135,mp-1654,mp-21188,mp-570629
mp-135,mp-1654,mp-570629,mp-580354
mp-1186055,mp-135,mp-569025,
mp-122,mp-135,mp-569025,
mp-12615,mp-135,mp-87,
mp-11698,mp-12615,mp-135,
mp-1263,mp-135,mp-33,
mp-1263,mp-135,mp-44,
mp-135,mp-14015,mp-35,
mp-135,mp-14015,mp-144,
mp-129,mp-135,mp-1677,
mp-135,mp-1475,mp-87,
mp-135,mp-1475,mp-1677,
mp-1186901,mp-135,mp-1659,
mp-135,mp-1659,mp-37,
mp-135,mp-1709,mp-72,
mp-135,mp-1709,mp-44,
mp-13,mp-135,mp-20089,
mp-135,mp-155,mp-20089,
mp-135,mp-20656,mp-35,
mp-1184067,mp-135,mp-20656,
mp-135,mp-2116,mp-35,
mp-131,mp-135,mp-2116,
mp-135,mp-613989,mp-636403,
mp-135,mp-21315,mp-23,
mp-135,mp-569318,mp-636403,
mp-135,mp-21315,mp-569318,
mp-135,mp-22311,mp-23,
mp-1057315,mp-135,mp-22311,
mp-135,mp-23155,,
mp-135,mp-54,mp-809,
mp-135,mp-30564,mp-809,
mp-135,mp-30565,mp-37,
mp-135,mp-30564,mp-30565,
mp-135,mp-1567,mp-23,
mp-135,mp-30809,mp-37,
mp-135,mp-30809,mp-623836,
mp-135,mp-623836,mp-867004,
mp-135,mp-1567,mp-867004,
mp-135,mp-30811,mp-91,
mp-135,mp-23,mp-30811,
mp-135,mp-2531,mp-54,
mp-135,mp-30970,mp-99,
mp-135,mp-30970,mp-537,
mp-135,mp-411,mp-537,
mp-135,mp-2531,mp-411,
mp-135,mp-310,mp-54,
mp-11534,mp-135,mp-310,
mp-135,mp-49,mp-510184,
mp-1185354,mp-135,mp-155,
mp-1185354,mp-135,mp-510184,
mp-135,mp-23,mp-2838,
mp-135,mp-44,mp-567950,
mp-135,mp-2838,mp-567950,
mp-135,mp-26,mp-640095,
mp-135,mp-569054,mp-640095,
mp-135,mp-30559,mp-54,
mp-135,mp-30559,mp-569054,
mp-1186901,mp-135,mp-569480,
mp-135,mp-44,mp-569480,
mp-135,mp-49,mp-569630,
mp-1188656,mp-123,mp-135,
mp-1188656,mp-135,mp-569630,
mp-13,mp-135,mp-571183,
mp-135,mp-143,mp-571183,
mp-135,mp-612118,,
mp-11506,mp-129,mp-135,mp-90
mp-11507,mp-135,mp-23,mp-784631
mp-11506,mp-11507,mp-135,mp-90
mp-135,mp-767825,mp-784631,mp-90
mp-11507,mp-135,mp-767825,mp-90
mp-11507,mp-135,mp-767825,mp-784631
mp-135,mp-819,mp-90,
mp-103,mp-135,mp-819,
mp-135,mp-54,mp-608,mp-865960
mp-1186901,mp-135,mp-518,mp-865960
mp-135,mp-518,mp-608,mp-865960
mp-1018125,mp-1191331,mp-135,mp-72
mp-1191331,mp-135,mp-823,mp-861641
mp-1018125,mp-1191331,mp-135,mp-861641
mp-1018125,mp-135,mp-2179,mp-861641
mp-135,mp-608,mp-823,mp-861641
mp-135,mp-2179,mp-518,mp-861641
mp-135,mp-518,mp-608,mp-861641
mp-135,mp-50,mp-592,mp-72
mp-135,mp-50,mp-592,mp-977390
mp-135,mp-33,mp-592,mp-867816
mp-135,mp-592,mp-861908,mp-977390
mp-1218044,mp-135,mp-1601,mp-861908
mp-1218044,mp-135,mp-861908,mp-977390
mp-135,mp-1601,mp-861908,mp-861954
mp-135,mp-592,mp-861954,mp-867816
mp-135,mp-592,mp-861908,mp-861954
mp-11270,mp-135,mp-1949,mp-35
mp-1104792,mp-11270,mp-12648,mp-135
mp-1103465,mp-11270,mp-12648,mp-135
mp-1104067,mp-1104792,mp-135,mp-87
mp-1104067,mp-1104792,mp-12648,mp-135
mp-11270,mp-1202079,mp-135,mp-1949
mp-1103465,mp-11270,mp-1202079,mp-135
mp-1103465,mp-1202079,mp-135,mp-2749
mp-1202079,mp-135,mp-72,mp-861958
mp-135,mp-2749,mp-72,mp-861958
mp-1202079,mp-135,mp-2749,mp-861958
mp-113,mp-135,mp-850,mp-867357
mp-1197416,mp-135,mp-23,mp-867357
mp-1197416,mp-135,mp-850,mp-867357
mp-11521,mp-135,mp-850,mp-867262
mp-113,mp-135,mp-850,mp-867262
mp-135,mp-67,mp-865936,mp-867501
mp-11521,mp-135,mp-865936,mp-867501
mp-135,mp-862424,mp-865936,mp-867262
mp-11521,mp-135,mp-862424,mp-865936
mp-11521,mp-135,mp-862424,mp-867262
mp-11558,mp-1186901,mp-1186915,mp-135
mp-113,mp-11558,mp-1186915,mp-135
mp-113,mp-11557,mp-11558,mp-135
mp-11557,mp-135,mp-67,mp-865936
mp-113,mp-135,mp-862609,mp-867262
mp-113,mp-11557,mp-135,mp-862609
mp-135,mp-862609,mp-865936,mp-867262
mp-11557,mp-135,mp-862609,mp-865936
mp-10740,mp-113,mp-135,mp-862612
mp-113,mp-135,mp-862612,mp-867262
mp-10740,mp-135,mp-67,mp-862612
mp-135,mp-67,mp-862612,mp-865936
mp-135,mp-862612,mp-865936,mp-867262
mp-135,mp-567314,mp-862661,mp-99
mp-1051,mp-135,mp-33,mp-569220
mp-1051,mp-135,mp-1939,mp-569220
mp-135,mp-23,mp-33,mp-853
mp-135,mp-569220,mp-862615,mp-862661
mp-135,mp-567314,mp-862615,mp-862661
mp-135,mp-1939,mp-567314,mp-862615
mp-135,mp-1939,mp-569220,mp-862615
mp-1051,mp-1200559,mp-135,mp-33
mp-1200559,mp-135,mp-33,mp-853
mp-135,mp-33,mp-862622,mp-862655
mp-135,mp-861666,mp-862622,mp-862655
mp-135,mp-861666,mp-862622,mp-91
mp-11282,mp-135,mp-862622,mp-91
mp-11282,mp-135,mp-30443,mp-865562
mp-1103315,mp-11282,mp-135,mp-862622
mp-1103315,mp-11282,mp-135,mp-865562
mp-1103315,mp-135,mp-33,mp-862622
mp-135,mp-30443,mp-568827,mp-87
mp-11282,mp-135,mp-30443,mp-568827
mp-1187243,mp-1218177,mp-135,mp-862699
mp-1187243,mp-135,mp-49,mp-862699
mp-135,mp-49,mp-567612,mp-862699
mp-1187197,mp-1218177,mp-135,mp-862699
mp-135,mp-50,mp-568623,mp-67
mp-12305,mp-135,mp-50,mp-568623
mp-1187197,mp-135,mp-50,mp-862887
mp-12305,mp-135,mp-50,mp-862887
mp-1187197,mp-135,mp-862699,mp-862887
mp-135,mp-567612,mp-862699,mp-862887
mp-113,mp-129,mp-135,mp-862723
mp-113,mp-135,mp-862723,mp-867262
mp-135,mp-862723,mp-865936,mp-867262
mp-129,mp-135,mp-67,mp-865936
mp-129,mp-135,mp-862723,mp-865936
mp-113,mp-135,mp-862725,mp-91
mp-113,mp-135,mp-862725,mp-867262
mp-135,mp-862725,mp-865936,mp-867262
mp-135,mp-67,mp-865936,mp-91
mp-135,mp-862725,mp-865936,mp-91
mp-10740,mp-135,mp-143,mp-867265
mp-10740,mp-135,mp-49,mp-862776
mp-135,mp-49,mp-862776,mp-867265
mp-10740,mp-135,mp-862776,mp-867265
mp-10740,mp-11573,mp-135,mp-72
mp-10740,mp-11573,mp-135,mp-862831
mp-113,mp-11573,mp-135,mp-862831
mp-10740,mp-113,mp-135,mp-862831
mp-113,mp-11573,mp-135,mp-865733
mp-135,mp-54,mp-608,mp-865733
mp-11573,mp-135,mp-862911,mp-865733
mp-135,mp-608,mp-862911,mp-865733
mp-11573,mp-135,mp-72,mp-862911
mp-135,mp-608,mp-823,mp-862911
mp-1191331,mp-135,mp-72,mp-862911
mp-1191331,mp-135,mp-823,mp-862911
mp-1185970,mp-135,mp-54,mp-865537
mp-1185970,mp-135,mp-35,mp-865537
mp-135,mp-1949,mp-35,mp-865537
mp-135,mp-54,mp-608,mp-865537
mp-135,mp-608,mp-823,mp-865537
mp-135,mp-823,mp-863690,mp-865537
mp-135,mp-1949,mp-863690,mp-865537
mp-1191331,mp-135,mp-72,mp-863690
mp-1191331,mp-135,mp-823,mp-863690
mp-1202079,mp-135,mp-72,mp-863690
mp-1202079,mp-135,mp-1949,mp-863690
mp-135,mp-33,mp-863675,mp-863717
mp-135,mp-863675,mp-863718,mp-867200
mp-135,mp-863675,mp-863717,mp-863718
mp-135,mp-23,mp-33,mp-863718
mp-135,mp-33,mp-863717,mp-863718
mp-10740,mp-113,mp-135,mp-863734
mp-1095604,mp-113,mp-135,mp-863734
mp-10740,mp-135,mp-863734,mp-99
mp-1095604,mp-135,mp-863734,mp-99
mp-135,mp-1932,mp-75,mp-864639
mp-135,mp-50,mp-75,mp-864639
mp-1187197,mp-135,mp-50,mp-864639
mp-1218177,mp-135,mp-1932,mp-864639
mp-1187197,mp-1218177,mp-135,mp-864639
mp-1218177,mp-1220934,mp-135,mp-1932
mp-1187243,mp-1220934,mp-135,mp-49
mp-1187243,mp-1218177,mp-1220934,mp-135
mp-1186374,mp-135,mp-864650,mp-91
mp-1186374,mp-1218177,mp-135,mp-864650
mp-1186374,mp-1187243,mp-135,mp-49
mp-1186374,mp-1187243,mp-1218177,mp-135
mp-135,mp-864650,mp-91,mp-979289
mp-1187197,mp-1218177,mp-135,mp-864650
mp-1187206,mp-135,mp-864650,mp-979289
mp-1187197,mp-1187206,mp-135,mp-50
mp-1187197,mp-1187206,mp-135,mp-864650
mp-135,mp-50,mp-75,mp-864651
mp-135,mp-75,mp-864651,mp-977434
mp-135,mp-1601,mp-864651,mp-977434
mp-135,mp-50,mp-864651,mp-977390
mp-11517,mp-135,mp-33,mp-867816
mp-135,mp-432,mp-861954,mp-977434
mp-135,mp-1601,mp-861954,mp-977434
mp-11517,mp-135,mp-432,mp-861954
mp-11517,mp-135,mp-861954,mp-867816
mp-1218044,mp-135,mp-1601,mp-864651
mp-1218044,mp-135,mp-864651,mp-977390
mp-135,mp-54,mp-864655,
mp-10740,mp-135,mp-864655,
mp-135,mp-146,mp-567276,mp-866121
mp-1187243,mp-135,mp-49,mp-866121
mp-1187243,mp-1218177,mp-135,mp-866121
mp-1218177,mp-135,mp-864670,mp-866121
mp-135,mp-50,mp-567276,mp-864670
mp-135,mp-567276,mp-864670,mp-866121
mp-1187197,mp-135,mp-50,mp-864670
mp-1187197,mp-1218177,mp-135,mp-864670
mp-129,mp-135,mp-49,mp-864770
mp-1187197,mp-135,mp-50,mp-864770
mp-1187197,mp-1218177,mp-135,mp-864770
mp-1217895,mp-135,mp-50,mp-864770
mp-1217895,mp-129,mp-135,mp-864770
mp-1187243,mp-135,mp-49,mp-864770
mp-1187243,mp-1218177,mp-135,mp-864770
mp-1205422,mp-135,mp-54,mp-865960
mp-1064981,mp-135,mp-1689,mp-2337
mp-103,mp-1190841,mp-1193334,mp-135
mp-1064981,mp-1190841,mp-1193334,mp-135
mp-103,mp-1193334,mp-135,mp-861875
mp-1193334,mp-1203605,mp-135,mp-861875
mp-1064981,mp-1193334,mp-135,mp-864877
mp-1193334,mp-1203605,mp-135,mp-864877
mp-1203605,mp-135,mp-1689,mp-864877
mp-1064981,mp-135,mp-1689,mp-864877
mp-135,mp-1689,mp-2337,mp-567490
mp-1205422,mp-135,mp-2337,mp-567490
mp-1205422,mp-135,mp-567490,mp-865960
mp-1186901,mp-135,mp-567490,mp-865960
mp-1095545,mp-113,mp-135,mp-865733
mp-135,mp-30569,mp-54,mp-865733
mp-1095545,mp-135,mp-30569,mp-865733
mp-1095545,mp-135,mp-30569,mp-929
mp-135,mp-2283,mp-864896,mp-929
mp-1095545,mp-135,mp-864896,mp-929
mp-1095545,mp-135,mp-864896,mp-865893
mp-131,mp-135,mp-30619,mp-865893
mp-135,mp-30619,mp-864896,mp-865893
mp-135,mp-2283,mp-628,mp-864896
mp-135,mp-30619,mp-628,mp-864896
mp-1105841,mp-135,mp-2738,mp-30622
mp-1179,mp-135,mp-23,mp-33
mp-1179,mp-1197874,mp-135,mp-33
mp-135,mp-33,mp-864917,mp-867111
mp-135,mp-2738,mp-30622,mp-867111
mp-135,mp-2738,mp-864917,mp-867111
mp-135,mp-2738,mp-421,mp-864917
mp-1197874,mp-135,mp-33,mp-421
mp-135,mp-33,mp-421,mp-864917
mp-1105841,mp-1184067,mp-135,mp-7281
mp-1105841,mp-135,mp-2738,mp-7281
mp-1087479,mp-135,mp-864955,mp-90
mp-1087479,mp-135,mp-54,mp-864955
mp-1185970,mp-135,mp-54,mp-864955
mp-135,mp-35,mp-864955,mp-90
mp-1185970,mp-135,mp-35,mp-864955
mp-135,mp-1395,mp-316,mp-865382
mp-135,mp-316,mp-35,mp-864983
mp-135,mp-33,mp-864983,mp-971788
mp-135,mp-1395,mp-864983,mp-971788
mp-135,mp-1395,mp-316,mp-864983
mp-135,mp-146,mp-864984,mp-865382
mp-135,mp-316,mp-864984,mp-865382
mp-135,mp-35,mp-864983,mp-865045
mp-135,mp-33,mp-864983,mp-865045
mp-11452,mp-135,mp-49,mp-567612
mp-11452,mp-12305,mp-135,mp-862684
mp-11452,mp-12305,mp-135,mp-862887
mp-103,mp-135,mp-862684,mp-976128
mp-135,mp-67,mp-862684,mp-976128
mp-135,mp-567612,mp-862887,mp-865001
mp-11452,mp-135,mp-567612,mp-865001
mp-11452,mp-135,mp-862887,mp-865001
mp-135,mp-568623,mp-67,mp-862684
mp-12305,mp-135,mp-568623,mp-862684
mp-103,mp-135,mp-2802,mp-976128
mp-135,mp-2802,mp-33,mp-865030
mp-1194143,mp-1209947,mp-135,mp-2802
mp-1209947,mp-135,mp-67,mp-976128
mp-1209947,mp-135,mp-2802,mp-976128
mp-135,mp-30867,mp-567750,mp-865030
mp-135,mp-33,mp-567750,mp-865030
mp-135,mp-30867,mp-865030,mp-865795
mp-1194143,mp-135,mp-2802,mp-865795
mp-135,mp-2802,mp-865030,mp-865795
mp-11572,mp-135,mp-50,mp-865038
mp-103,mp-135,mp-50,mp-865038
mp-103,mp-11460,mp-135,mp-865038
mp-1095669,mp-11460,mp-135,mp-865038
mp-1095669,mp-113,mp-11572,mp-135
mp-1095669,mp-11572,mp-135,mp-865038
mp-103,mp-11460,mp-135,mp-75
mp-11460,mp-135,mp-75,mp-865094
mp-113,mp-1220323,mp-135,mp-865094
mp-1220323,mp-1220634,mp-135,mp-865094
mp-1220634,mp-135,mp-75,mp-865094
mp-1095669,mp-11460,mp-135,mp-865094
mp-1095669,mp-113,mp-135,mp-865094
mp-103,mp-1190841,mp-135,mp-976128
mp-135,mp-27162,mp-67,mp-976128
mp-1190841,mp-135,mp-27162,mp-976128
mp-1205422,mp-135,mp-253,mp-54
mp-1205422,mp-135,mp-2337,mp-253
mp-135,mp-2212,mp-27162,mp-865165
mp-135,mp-2212,mp-253,mp-865165
mp-1064981,mp-1190841,mp-135,mp-865165
mp-1190841,mp-135,mp-27162,mp-865165
mp-1064981,mp-135,mp-2337,mp-865165
mp-135,mp-2337,mp-253,mp-865165
mp-135,mp-162,mp-50,mp-977390
mp-135,mp-1601,mp-162,mp-865172
mp-1218044,mp-135,mp-1601,mp-162
mp-1218044,mp-135,mp-162,mp-977390
mp-135,mp-33,mp-865172,mp-867816
mp-1215845,mp-135,mp-162,mp-865172
mp-1215845,mp-135,mp-33,mp-865172
mp-135,mp-1601,mp-861954,mp-865172
mp-135,mp-861954,mp-865172,mp-867816
mp-1186901,mp-135,mp-639789,
mp-13,mp-135,mp-865212,
mp-135,mp-639789,mp-865212,
mp-103,mp-135,mp-143,mp-2802
mp-135,mp-143,mp-2802,mp-862614
mp-135,mp-2802,mp-862614,mp-865215
mp-135,mp-2802,mp-33,mp-865215
mp-135,mp-33,mp-862614,mp-865215
mp-135,mp-143,mp-75,mp-862614
mp-135,mp-33,mp-862614,mp-865248
mp-135,mp-432,mp-865248,mp-977434
mp-135,mp-75,mp-862614,mp-977434
mp-135,mp-862614,mp-865248,mp-977434
mp-11517,mp-135,mp-432,mp-865248
mp-11517,mp-135,mp-33,mp-865248
mp-135,mp-143,mp-50,mp-862614
mp-135,mp-33,mp-862614,mp-865262
mp-135,mp-50,mp-862614,mp-977390
mp-135,mp-862614,mp-865262,mp-977390
mp-135,mp-33,mp-865262,mp-867816
mp-1218044,mp-135,mp-1601,mp-865262
mp-1218044,mp-135,mp-865262,mp-977390
mp-135,mp-1601,mp-861954,mp-865262
mp-135,mp-861954,mp-865262,mp-867816
mp-11541,mp-135,mp-865870,mp-867265
mp-131,mp-135,mp-143,mp-865870
mp-135,mp-143,mp-865870,mp-867265
mp-11541,mp-135,mp-570684,mp-867265
mp-135,mp-49,mp-570684,mp-867265
mp-135,mp-49,mp-632,mp-867265
mp-1196360,mp-135,mp-49,mp-54
mp-1196360,mp-135,mp-49,mp-632
mp-1217007,mp-135,mp-143,mp-867265
mp-1217007,mp-135,mp-632,mp-867265
mp-1196360,mp-135,mp-33,mp-54
mp-135,mp-33,mp-632,mp-862614
mp-1196360,mp-135,mp-33,mp-632
mp-1217007,mp-135,mp-632,mp-862614
mp-1217007,mp-135,mp-143,mp-862614
mp-1078899,mp-135,mp-145,mp-977393
mp-11491,mp-135,mp-23,mp-33
mp-11491,mp-135,mp-2130,mp-33
mp-135,mp-2130,mp-33,mp-568630
mp-11495,mp-135,mp-865335,mp-977393
mp-1078899,mp-135,mp-865335,mp-977393
mp-1078899,mp-135,mp-2130,mp-865335
mp-11495,mp-135,mp-568630,mp-865335
mp-135,mp-2130,mp-568630,mp-865335
mp-11525,mp-135,mp-143,mp-862614
mp-135,mp-33,mp-862614,mp-865367
mp-11525,mp-135,mp-862614,mp-865367
mp-11526,mp-135,mp-23,mp-33
mp-135,mp-1576,mp-33,mp-865367
mp-11526,mp-135,mp-1576,mp-33
mp-11525,mp-135,mp-1576,mp-865367
mp-11525,mp-135,mp-143,mp-867265
mp-11526,mp-135,mp-23,mp-49
mp-135,mp-1576,mp-49,mp-867265
mp-11525,mp-135,mp-1576,mp-867265
mp-11526,mp-135,mp-1576,mp-49
mp-1220023,mp-135,mp-49,mp-862614
mp-135,mp-143,mp-862614,mp-867265
mp-135,mp-49,mp-862614,mp-867265
mp-1220023,mp-135,mp-862614,mp-974326
mp-135,mp-33,mp-862614,mp-974326
mp-131,mp-135,mp-214,mp-977393
mp-131,mp-135,mp-145,mp-977393
mp-11495,mp-135,mp-865434,mp-977393
mp-135,mp-214,mp-865434,mp-977393
mp-11495,mp-135,mp-568630,mp-865434
mp-135,mp-214,mp-33,mp-568630
mp-135,mp-214,mp-568630,mp-865434
mp-1186060,mp-135,mp-35,mp-867265
mp-1186060,mp-135,mp-49,mp-867265
mp-1192498,mp-135,mp-143,mp-867265
mp-135,mp-35,mp-867265,mp-980811
mp-1192498,mp-135,mp-867265,mp-980811
mp-131,mp-135,mp-145,mp-30619
mp-1222465,mp-135,mp-2206,mp-929
mp-135,mp-2206,mp-30569,mp-929
mp-1222465,mp-135,mp-145,mp-628
mp-135,mp-145,mp-30619,mp-628
mp-1204082,mp-135,mp-30569,mp-54
mp-1204082,mp-135,mp-2206,mp-30569
mp-135,mp-2283,mp-628,mp-865461
mp-1222465,mp-135,mp-628,mp-865461
mp-135,mp-2283,mp-865461,mp-929
mp-1222465,mp-135,mp-865461,mp-929
mp-1186060,mp-135,mp-316,mp-35
mp-1186060,mp-135,mp-49,mp-865462
mp-1186060,mp-135,mp-316,mp-865462
mp-135,mp-49,mp-865462,mp-866121
mp-135,mp-316,mp-865462,mp-866121
mp-135,mp-146,mp-864984,mp-866121
mp-135,mp-316,mp-864984,mp-866121
mp-135,mp-35,mp-592,mp-865045
mp-135,mp-33,mp-592,mp-865045
mp-135,mp-1949,mp-35,mp-592
mp-1202079,mp-135,mp-1949,mp-592
mp-1202079,mp-135,mp-72,mp-865469
mp-135,mp-592,mp-72,mp-865469
mp-1202079,mp-135,mp-592,mp-865469
mp-13,mp-135,mp-866134,mp-90
mp-1079399,mp-1187695,mp-135,mp-146
mp-1079399,mp-135,mp-865490,mp-866134
mp-1079399,mp-1187696,mp-135,mp-865490
mp-1187696,mp-135,mp-865490,mp-90
mp-135,mp-865490,mp-866134,mp-90
mp-1079399,mp-1187696,mp-1216394,mp-135
mp-1079399,mp-1187695,mp-1216394,mp-135
mp-135,mp-1395,mp-865494,mp-971788
mp-135,mp-33,mp-90,mp-971788
mp-135,mp-865494,mp-90,mp-971788
mp-1187696,mp-135,mp-865494,mp-90
mp-135,mp-1395,mp-865382,mp-865494
mp-1187696,mp-135,mp-865382,mp-865494
mp-1187695,mp-135,mp-146,mp-865382
mp-1187696,mp-1216394,mp-135,mp-865382
mp-1187695,mp-1216394,mp-135,mp-865382
mp-135,mp-2540,mp-862779,mp-867212
mp-113,mp-135,mp-2540,mp-862779
mp-135,mp-146,mp-2540,mp-866121
mp-135,mp-49,mp-865499,mp-867212
mp-135,mp-49,mp-865499,mp-866121
mp-135,mp-2540,mp-865499,mp-867212
mp-135,mp-2540,mp-865499,mp-866121
mp-1217363,mp-135,mp-2540,mp-861630
mp-113,mp-135,mp-2540,mp-861630
mp-1217363,mp-135,mp-2540,mp-867356
mp-135,mp-146,mp-2540,mp-865382
mp-135,mp-33,mp-865501,mp-867356
mp-135,mp-2540,mp-865501,mp-867356
mp-135,mp-1395,mp-865382,mp-865501
mp-135,mp-2540,mp-865382,mp-865501
mp-135,mp-33,mp-865501,mp-971788
mp-135,mp-1395,mp-865501,mp-971788
mp-135,mp-37,mp-67,mp-865936
mp-135,mp-37,mp-865568,mp-865936
mp-135,mp-865568,mp-865936,mp-867262
mp-1102354,mp-113,mp-135,mp-867262
mp-1102354,mp-135,mp-865568,mp-867262
mp-1102354,mp-135,mp-37,mp-865568
mp-1017983,mp-129,mp-135,mp-1409
mp-1017983,mp-1067248,mp-135,mp-1409
mp-1017983,mp-135,mp-72,mp-865591
mp-1017983,mp-1067248,mp-135,mp-865591
mp-11507,mp-135,mp-1409,mp-23
mp-135,mp-1808,mp-72,mp-865591
mp-1067248,mp-135,mp-1808,mp-865591
mp-11506,mp-11507,mp-135,mp-1409
mp-11506,mp-129,mp-135,mp-1409
mp-1217363,mp-135,mp-592,mp-861630
mp-113,mp-135,mp-592,mp-861630
mp-1217363,mp-135,mp-592,mp-867356
mp-135,mp-33,mp-592,mp-867356
mp-135,mp-592,mp-72,mp-865650
mp-11573,mp-135,mp-72,mp-865650
mp-113,mp-135,mp-592,mp-865650
mp-113,mp-11573,mp-135,mp-865650
mp-1018125,mp-135,mp-72,mp-75
mp-1220322,mp-135,mp-75,mp-865653
mp-1018125,mp-135,mp-2179,mp-865653
mp-1018125,mp-135,mp-75,mp-865653
mp-135,mp-2179,mp-518,mp-865653
mp-1186901,mp-1220322,mp-135,mp-518
mp-1220322,mp-135,mp-518,mp-865653
mp-11573,mp-135,mp-72,mp-75
mp-11573,mp-135,mp-75,mp-865655
mp-113,mp-1220323,mp-135,mp-865655
mp-113,mp-11573,mp-135,mp-865655
mp-1220323,mp-1220634,mp-135,mp-865655
mp-1220634,mp-135,mp-75,mp-865655
mp-1018125,mp-135,mp-2179,mp-91
mp-1186901,mp-135,mp-865664,mp-91
mp-135,mp-2179,mp-865664,mp-91
mp-1018125,mp-1216621,mp-135,mp-72
mp-1018125,mp-1216621,mp-135,mp-91
mp-1186901,mp-135,mp-518,mp-865664
mp-135,mp-2179,mp-518,mp-865664
mp-135,mp-1409,mp-1949,mp-35
mp-1067248,mp-135,mp-1409,mp-865712
mp-135,mp-1409,mp-1949,mp-865712
mp-11501,mp-135,mp-1409,mp-23
mp-11501,mp-135,mp-1409,mp-35
mp-135,mp-1808,mp-72,mp-865712
mp-1067248,mp-135,mp-1808,mp-865712
mp-1202079,mp-135,mp-72,mp-865712
mp-1202079,mp-135,mp-1949,mp-865712
mp-135,mp-1409,mp-23,mp-862604
mp-1186901,mp-135,mp-518,mp-862604
mp-135,mp-1409,mp-518,mp-862604
mp-135,mp-1409,mp-2179,mp-518
mp-1018125,mp-135,mp-1808,mp-72
mp-1018125,mp-1067248,mp-135,mp-1808
mp-1018125,mp-135,mp-2179,mp-865728
mp-1018125,mp-1067248,mp-135,mp-865728
mp-1067248,mp-135,mp-1409,mp-865728
mp-135,mp-1409,mp-2179,mp-865728
mp-10740,mp-113,mp-135,mp-865801
mp-1095487,mp-113,mp-135,mp-865801
mp-10740,mp-135,mp-145,mp-865801
mp-1095487,mp-135,mp-145,mp-865801
mp-11573,mp-1216621,mp-135,mp-91
mp-11573,mp-1216621,mp-135,mp-72
mp-113,mp-135,mp-865810,mp-91
mp-11573,mp-135,mp-865810,mp-91
mp-113,mp-11573,mp-135,mp-865810
mp-10740,mp-135,mp-865029,mp-865828
mp-10740,mp-135,mp-162,mp-865828
mp-135,mp-33,mp-865029,mp-865828
mp-1215845,mp-135,mp-162,mp-865828
mp-1215845,mp-135,mp-33,mp-865828
mp-103,mp-135,mp-145,mp-2802
mp-135,mp-145,mp-2802,mp-977393
mp-135,mp-2802,mp-33,mp-568630
mp-11495,mp-135,mp-865846,mp-977393
mp-135,mp-2802,mp-865846,mp-977393
mp-11495,mp-135,mp-568630,mp-865846
mp-135,mp-2802,mp-568630,mp-865846
mp-135,mp-291,mp-49,mp-867212
mp-135,mp-291,mp-862779,mp-867212
mp-113,mp-135,mp-291,mp-862779
mp-135,mp-291,mp-72,mp-865876
mp-11573,mp-135,mp-72,mp-865876
mp-113,mp-135,mp-291,mp-865876
mp-113,mp-11573,mp-135,mp-865876
mp-113,mp-11573,mp-135,mp-867357
mp-135,mp-1409,mp-23,mp-867357
mp-11573,mp-135,mp-1409,mp-867357
mp-11573,mp-135,mp-72,mp-865878
mp-1067248,mp-135,mp-1409,mp-865878
mp-11573,mp-135,mp-1409,mp-865878
mp-135,mp-1808,mp-72,mp-865878
mp-1067248,mp-135,mp-1808,mp-865878
mp-11573,mp-135,mp-146,mp-72
mp-113,mp-135,mp-2540,mp-865914
mp-113,mp-11573,mp-135,mp-865914
mp-135,mp-146,mp-2540,mp-865914
mp-11573,mp-135,mp-146,mp-865914
mp-11534,mp-135,mp-143,mp-862614
mp-11534,mp-1185267,mp-135,mp-865949
mp-11534,mp-135,mp-862614,mp-865949
mp-1185267,mp-135,mp-33,mp-865949
mp-135,mp-33,mp-862614,mp-865949
mp-135,mp-75,mp-862558,mp-99
mp-135,mp-1932,mp-75,mp-862558
mp-1220934,mp-135,mp-1932,mp-862558
mp-1220934,mp-135,mp-49,mp-862558
mp-135,mp-144,mp-75,mp-865959
mp-135,mp-33,mp-865959,mp-866112
mp-135,mp-75,mp-865959,mp-977434
mp-135,mp-865959,mp-866112,mp-977434
mp-135,mp-432,mp-866112,mp-977434
mp-11517,mp-135,mp-432,mp-866112
mp-11517,mp-135,mp-33,mp-866112
mp-11460,mp-135,mp-1400,mp-91
mp-103,mp-11460,mp-135,mp-1400
mp-113,mp-135,mp-866114,mp-91
mp-11460,mp-135,mp-866114,mp-91
mp-1095669,mp-113,mp-135,mp-866114
mp-1095669,mp-11460,mp-135,mp-866114
mp-135,mp-144,mp-50,mp-865959
mp-135,mp-33,mp-865959,mp-866116
mp-135,mp-50,mp-865959,mp-977390
mp-135,mp-865959,mp-866116,mp-977390
mp-135,mp-33,mp-866116,mp-867816
mp-1218044,mp-135,mp-1601,mp-866116
mp-1218044,mp-135,mp-866116,mp-977390
mp-135,mp-1601,mp-861954,mp-866116
mp-135,mp-861954,mp-866116,mp-867816
mp-135,mp-145,mp-50,mp-977393
mp-135,mp-50,mp-866125,mp-977393
mp-11495,mp-135,mp-866125,mp-977393
mp-135,mp-50,mp-866125,mp-977390
mp-135,mp-33,mp-866125,mp-867816
mp-135,mp-33,mp-568630,mp-866125
mp-11495,mp-135,mp-568630,mp-866125
mp-1218044,mp-135,mp-1601,mp-866125
mp-1218044,mp-135,mp-866125,mp-977390
mp-135,mp-1601,mp-861954,mp-866125
mp-135,mp-861954,mp-866125,mp-867816
mp-135,mp-30622,mp-75,mp-977434
mp-1105841,mp-1184067,mp-135,mp-75
mp-1105841,mp-135,mp-30622,mp-75
mp-135,mp-432,mp-866126,mp-977434
mp-11517,mp-135,mp-432,mp-866126
mp-11517,mp-135,mp-33,mp-866126
mp-135,mp-33,mp-866126,mp-867111
mp-135,mp-30622,mp-867111,mp-977434
mp-135,mp-866126,mp-867111,mp-977434
mp-135,mp-2773,mp-54,mp-866152
mp-1183425,mp-135,mp-2773,mp-866152
mp-1183425,mp-12648,mp-135,mp-866152
mp-1071690,mp-1183425,mp-12648,mp-135
mp-135,mp-54,mp-608,mp-866152
mp-1071690,mp-1104067,mp-135,mp-87
mp-1071690,mp-1104067,mp-12648,mp-135
mp-1191331,mp-135,mp-2749,mp-72
mp-1103465,mp-12648,mp-135,mp-866152
mp-1103465,mp-135,mp-2749,mp-866152
mp-135,mp-2749,mp-823,mp-866152
mp-1191331,mp-135,mp-2749,mp-823
mp-135,mp-608,mp-823,mp-866152
mp-1017983,mp-11573,mp-129,mp-135
mp-1017983,mp-11573,mp-135,mp-72
mp-113,mp-129,mp-135,mp-866213
mp-11573,mp-129,mp-135,mp-866213
mp-113,mp-11573,mp-135,mp-866213
mp-11281,mp-135,mp-146,mp-1585
mp-135,mp-2773,mp-54,mp-542614
mp-135,mp-1585,mp-542614,mp-866288
mp-135,mp-2773,mp-542614,mp-866288
mp-11281,mp-135,mp-1585,mp-866288
mp-11281,mp-135,mp-2773,mp-866288
mp-11281,mp-1183425,mp-135,mp-2773
mp-11281,mp-1183425,mp-135,mp-571438
mp-1071690,mp-135,mp-571438,mp-87
mp-1071690,mp-1183425,mp-135,mp-571438
mp-135,mp-33,mp-867114,mp-867816
mp-1103315,mp-135,mp-33,mp-867114
mp-1102049,mp-135,mp-30443,mp-865562
mp-1103315,mp-135,mp-865562,mp-867114
mp-1102049,mp-135,mp-865562,mp-867114
mp-1102049,mp-1189402,mp-135,mp-30443
mp-135,mp-1601,mp-861954,mp-867114
mp-135,mp-861954,mp-867114,mp-867816
mp-11278,mp-135,mp-50,mp-977390
mp-1218044,mp-135,mp-1601,mp-867114
mp-1102049,mp-1218044,mp-135,mp-867114
mp-135,mp-30443,mp-567842,mp-87
mp-1189402,mp-135,mp-30443,mp-567842
mp-1078957,mp-11278,mp-135,mp-977390
mp-1078957,mp-1218044,mp-135,mp-977390
mp-1078957,mp-1102049,mp-1218044,mp-135
mp-135,mp-291,mp-50,mp-72
mp-1187197,mp-135,mp-291,mp-50
mp-1187197,mp-1218177,mp-135,mp-291
mp-1187243,mp-135,mp-291,mp-49
mp-1187243,mp-1218177,mp-135,mp-867123
mp-1218177,mp-135,mp-291,mp-867123
mp-1187243,mp-135,mp-291,mp-867123
mp-1209947,mp-135,mp-146,mp-67
mp-1194143,mp-1209947,mp-135,mp-146
mp-135,mp-30867,mp-865382,mp-867137
mp-135,mp-1395,mp-865382,mp-867137
mp-135,mp-1395,mp-867137,mp-971788
mp-135,mp-33,mp-867137,mp-971788
mp-135,mp-33,mp-567750,mp-867137
mp-135,mp-30867,mp-567750,mp-867137
mp-135,mp-30867,mp-865382,mp-865795
mp-135,mp-146,mp-865382,mp-865795
mp-1194143,mp-135,mp-146,mp-865795
mp-10740,mp-135,mp-49,mp-867151
mp-135,mp-49,mp-567612,mp-867151
mp-135,mp-567612,mp-862887,mp-867151
mp-10740,mp-135,mp-862887,mp-867151
mp-10740,mp-12305,mp-135,mp-862887
mp-10740,mp-135,mp-568623,mp-67
mp-10740,mp-12305,mp-135,mp-568623
mp-1217363,mp-135,mp-2802,mp-861630
mp-113,mp-135,mp-2802,mp-861630
mp-1217363,mp-135,mp-2802,mp-867356
mp-135,mp-2802,mp-33,mp-867356
mp-103,mp-135,mp-2802,mp-867327
mp-103,mp-11460,mp-135,mp-867327
mp-1095669,mp-113,mp-135,mp-2802
mp-1095669,mp-135,mp-2802,mp-867327
mp-1095669,mp-11460,mp-135,mp-867327
mp-135,mp-567314,mp-862558,mp-99
mp-135,mp-1939,mp-49,mp-862558
mp-135,mp-1939,mp-567314,mp-862558
mp-1051,mp-135,mp-1939,mp-49
mp-135,mp-23,mp-49,mp-853
mp-1051,mp-1200559,mp-135,mp-49
mp-1200559,mp-135,mp-49,mp-853
mp-135,mp-49,mp-867774,mp-90
mp-1187197,mp-1218177,mp-135,mp-867774
mp-135,mp-2385,mp-867774,mp-90
mp-1187197,mp-135,mp-2385,mp-50
mp-1187197,mp-135,mp-2385,mp-867774
mp-1187243,mp-135,mp-49,mp-867774
mp-1187243,mp-1218177,mp-135,mp-867774
mp-135,mp-67,mp-75,mp-867795
mp-113,mp-1220323,mp-135,mp-867795
mp-1220323,mp-1220634,mp-135,mp-867795
mp-1220634,mp-135,mp-75,mp-867795
mp-135,mp-67,mp-865936,mp-867795
mp-113,mp-135,mp-867262,mp-867795
mp-135,mp-865936,mp-867262,mp-867795
mp-10740,mp-135,mp-865029,mp-867804
mp-135,mp-30867,mp-865029,mp-867804
mp-135,mp-33,mp-567750,mp-865029
mp-135,mp-30867,mp-567750,mp-865029
mp-10740,mp-1209947,mp-135,mp-67
mp-10740,mp-1194143,mp-1209947,mp-135
mp-10740,mp-135,mp-865795,mp-867804
mp-10740,mp-1194143,mp-135,mp-865795
mp-135,mp-30867,mp-865795,mp-867804
mp-135,mp-33,mp-867837,mp-90
mp-1103315,mp-135,mp-33,mp-867837
mp-1103315,mp-135,mp-867837,mp-90
mp-1103315,mp-135,mp-30438,mp-90
mp-135,mp-1590,mp-30443,mp-87
mp-135,mp-1590,mp-30438,mp-30443
mp-1103315,mp-135,mp-30438,mp-865562
mp-135,mp-30438,mp-30443,mp-865562
mp-1018125,mp-135,mp-50,mp-72
mp-1018125,mp-135,mp-50,mp-867846
mp-1018125,mp-135,mp-2179,mp-867846
mp-135,mp-2179,mp-518,mp-867846
mp-1186901,mp-135,mp-518,mp-867846
mp-1187203,mp-135,mp-50,mp-867846
mp-1186901,mp-1217894,mp-135,mp-867846
mp-1187203,mp-1217894,mp-135,mp-867846
mp-113,mp-135,mp-44,mp-867858
mp-113,mp-135,mp-867262,mp-867858
mp-135,mp-865936,mp-867262,mp-867858
mp-135,mp-44,mp-67,mp-865936
mp-135,mp-44,mp-865936,mp-867858
mp-11281,mp-135,mp-146,mp-865382
mp-1103315,mp-135,mp-33,mp-867874
mp-135,mp-1395,mp-865382,mp-867874
mp-11281,mp-135,mp-865382,mp-865562
mp-135,mp-865382,mp-865562,mp-867874
mp-1103315,mp-135,mp-865562,mp-867874
mp-135,mp-1395,mp-867874,mp-971788
mp-135,mp-33,mp-867874,mp-971788
mp-11281,mp-135,mp-30443,mp-865562
mp-135,mp-30443,mp-571438,mp-87
mp-11281,mp-135,mp-30443,mp-571438
mp-129,mp-135,mp-49,mp-972205
mp-135,mp-49,mp-866121,mp-972205
mp-129,mp-135,mp-866121,mp-972205
mp-135,mp-146,mp-866121,mp-972071
mp-129,mp-135,mp-866121,mp-972071
mp-1187702,mp-129,mp-135,mp-91
mp-1187702,mp-1216231,mp-135,mp-972236
mp-1216231,mp-135,mp-146,mp-972236
mp-135,mp-146,mp-972071,mp-972236
mp-1187702,mp-129,mp-135,mp-972236
mp-129,mp-135,mp-972071,mp-972236
mp-135,mp-972256,,
mp-135,mp-144,mp-26,mp-865959
mp-1202486,mp-135,mp-33,mp-865959
mp-1104417,mp-135,mp-26,mp-865959
mp-1104417,mp-1202486,mp-135,mp-865959
mp-1064981,mp-129,mp-135,mp-2337
mp-1064981,mp-129,mp-135,mp-2363
mp-1139,mp-129,mp-135,mp-2337
mp-103,mp-135,mp-2363,mp-973612
mp-1064981,mp-135,mp-2363,mp-973612
mp-1139,mp-1205422,mp-135,mp-54
mp-1139,mp-1205422,mp-135,mp-2337
mp-103,mp-1190841,mp-135,mp-973612
mp-1064981,mp-1190841,mp-135,mp-973612
mp-135,mp-87,mp-973809,
mp-123,mp-135,mp-973809,
mp-103,mp-135,mp-144,mp-2802
mp-135,mp-144,mp-2802,mp-865959
mp-135,mp-2802,mp-865959,mp-973890
mp-135,mp-2802,mp-33,mp-973890
mp-135,mp-33,mp-865959,mp-973890
mp-13,mp-135,mp-973908,
mp-10740,mp-135,mp-973908,
mp-11460,mp-131,mp-135,mp-865893
mp-103,mp-11460,mp-135,mp-983459
mp-11460,mp-131,mp-135,mp-983459
mp-1095545,mp-1095669,mp-113,mp-135
mp-1095545,mp-1095669,mp-11460,mp-135
mp-1095545,mp-135,mp-865893,mp-974943
mp-1095545,mp-11460,mp-135,mp-974943
mp-11460,mp-135,mp-865893,mp-974943
mp-135,mp-87,mp-976039,
mp-135,mp-145,mp-976039,
mp-135,mp-33,mp-569220,mp-865959
mp-135,mp-144,mp-862661,mp-865959
mp-135,mp-569220,mp-862661,mp-865959
mp-1184779,mp-135,mp-862661,mp-99
mp-1184718,mp-135,mp-144,mp-862661
mp-1184718,mp-1184779,mp-135,mp-862661
mp-135,mp-33,mp-862630,mp-867816
mp-135,mp-862630,mp-974455,mp-977357
mp-1186901,mp-135,mp-974455,mp-977357
mp-135,mp-861954,mp-862630,mp-977357
mp-135,mp-861954,mp-862630,mp-867816
mp-135,mp-1601,mp-861954,mp-977357
mp-1186901,mp-1217894,mp-135,mp-977357
mp-1187203,mp-1217894,mp-135,mp-977357
mp-1187203,mp-135,mp-50,mp-977390
mp-1187203,mp-135,mp-977357,mp-977390
mp-1218044,mp-135,mp-1601,mp-977357
mp-1218044,mp-135,mp-977357,mp-977390
mp-113,mp-11572,mp-129,mp-135
mp-11572,mp-129,mp-135,mp-977363
mp-11572,mp-135,mp-50,mp-977363
mp-1217895,mp-129,mp-135,mp-977363
mp-1217895,mp-135,mp-50,mp-977363
mp-135,mp-33,mp-867816,mp-90
mp-135,mp-1601,mp-861954,mp-90
mp-135,mp-861954,mp-867816,mp-90
mp-135,mp-2385,mp-50,mp-977425
mp-135,mp-1601,mp-90,mp-977425
mp-135,mp-2385,mp-90,mp-977425
mp-135,mp-50,mp-977390,mp-977425
mp-1218044,mp-135,mp-1601,mp-977425
mp-1218044,mp-135,mp-977390,mp-977425
mp-1220023,mp-135,mp-214,mp-49
mp-1220023,mp-135,mp-214,mp-974326
mp-135,mp-214,mp-33,mp-974326
mp-131,mp-135,mp-214,mp-865870
mp-135,mp-214,mp-49,mp-570684
mp-11541,mp-135,mp-865870,mp-977549
mp-135,mp-214,mp-865870,mp-977549
mp-11541,mp-135,mp-570684,mp-977549
mp-135,mp-214,mp-570684,mp-977549
mp-11541,mp-135,mp-567612,mp-977550
mp-135,mp-49,mp-567612,mp-570684
mp-11541,mp-135,mp-567612,mp-570684
mp-1188062,mp-131,mp-135,mp-865870
mp-1188062,mp-12305,mp-135,mp-865870
mp-1077791,mp-1188062,mp-12305,mp-135
mp-11541,mp-135,mp-862887,mp-865870
mp-12305,mp-135,mp-862887,mp-865870
mp-11541,mp-135,mp-862887,mp-977550
mp-135,mp-567612,mp-862887,mp-977550
mp-1077791,mp-135,mp-568623,mp-67
mp-1077791,mp-12305,mp-135,mp-568623
mp-1199166,mp-135,mp-49,mp-867265
mp-1193090,mp-1199166,mp-135,mp-87
mp-1193090,mp-1199166,mp-135,mp-867265
mp-1193090,mp-135,mp-143,mp-867265
mp-129,mp-13,mp-135,mp-568077
mp-1218218,mp-135,mp-50,mp-979267
mp-1217895,mp-135,mp-50,mp-979267
mp-1218218,mp-135,mp-568077,mp-979267
mp-1217895,mp-129,mp-135,mp-979267
mp-129,mp-135,mp-568077,mp-979267
mp-1194143,mp-135,mp-143,mp-862614
mp-135,mp-30867,mp-862614,mp-865795
mp-1194143,mp-135,mp-862614,mp-865795
mp-1209947,mp-135,mp-143,mp-67
mp-1194143,mp-1209947,mp-135,mp-143
mp-135,mp-30867,mp-862614,mp-980206
mp-135,mp-33,mp-862614,mp-980206
mp-135,mp-30867,mp-567750,mp-980206
mp-135,mp-33,mp-567750,mp-980206
mp-135,mp-143,mp-37,mp-867265
mp-135,mp-1828,mp-49,mp-867265
mp-135,mp-1828,mp-569819,mp-867265
mp-135,mp-37,mp-569819,mp-867265
mp-1186901,mp-1186915,mp-135,mp-2540
mp-113,mp-1186915,mp-135,mp-2540
mp-135,mp-146,mp-2540,mp-865385
mp-1186901,mp-135,mp-2540,mp-981377
mp-1186901,mp-135,mp-865385,mp-981377
mp-135,mp-2540,mp-865385,mp-981377
mp-11517,mp-135,mp-33,mp-862655
mp-11517,mp-135,mp-861666,mp-862655
mp-11517,mp-135,mp-432,mp-861666
mp-1220316,mp-135,mp-75,mp-977434
mp-1220316,mp-135,mp-91,mp-977434
mp-135,mp-432,mp-977434,mp-982725
mp-135,mp-91,mp-977434,mp-982725
mp-135,mp-861666,mp-91,mp-982725
mp-135,mp-432,mp-861666,mp-982725
mp-1095669,mp-113,mp-13,mp-135
mp-1095669,mp-11460,mp-135,mp-333
mp-1095669,mp-13,mp-135,mp-333
mp-103,mp-11460,mp-135,mp-983362
mp-103,mp-135,mp-2754,mp-983362
mp-135,mp-2754,mp-333,mp-983362
mp-11460,mp-135,mp-333,mp-983362
mp-1105841,mp-1184067,mp-135,mp-867200
mp-135,mp-33,mp-863675,mp-867111
mp-1105841,mp-135,mp-30622,mp-867200
mp-135,mp-30622,mp-863675,mp-867200
mp-135,mp-30622,mp-863675,mp-867111
mp-1025137,mp-135,mp-23,
mp-1025137,mp-11534,mp-135,
mp-1085,mp-135,mp-49,
mp-1085,mp-135,mp-44,
mp-1095482,mp-135,mp-49,
mp-1095482,mp-135,mp-162,
mp-1095666,mp-135,mp-49,
mp-11698,mp-1189565,mp-135,
mp-1095666,mp-1189565,mp-135,
mp-11698,mp-1189033,mp-135,
mp-1101970,mp-135,mp-33,
mp-1101970,mp-1189033,mp-135,
mp-1102209,mp-1186901,mp-135,
mp-1102209,mp-135,mp-155,
mp-1102249,mp-1186901,mp-135,
mp-1102249,mp-11698,mp-135,
mp-135,mp-2665,mp-33,
mp-1197932,mp-135,mp-2665,
mp-1059256,mp-1105741,mp-135,
mp-1104937,mp-1197932,mp-135,
mp-1104937,mp-1105741,mp-135,
mp-11449,mp-135,mp-35,
mp-103,mp-11449,mp-135,
mp-11572,mp-131,mp-135,mp-50
mp-1095545,mp-113,mp-11572,mp-135
mp-11572,mp-1183039,mp-131,mp-135
mp-1095545,mp-11572,mp-1183039,mp-135
mp-1183039,mp-131,mp-135,mp-865893
mp-1095545,mp-1183039,mp-135,mp-865893
mp-135,mp-2225,mp-30438,mp-90
mp-135,mp-1590,mp-2225,mp-87
mp-135,mp-1590,mp-2225,mp-30438
mp-1183416,mp-13,mp-135,mp-90
mp-1183416,mp-13,mp-135,mp-2225
mp-1183416,mp-135,mp-2225,mp-90
mp-1105841,mp-1184067,mp-135,mp-977393
mp-1183846,mp-135,mp-145,mp-977393
mp-1183846,mp-1184067,mp-135,mp-977393
mp-11495,mp-135,mp-867111,mp-977393
mp-11495,mp-135,mp-568630,mp-867111
mp-135,mp-33,mp-568630,mp-867111
mp-1105841,mp-135,mp-30622,mp-977393
mp-135,mp-30622,mp-867111,mp-977393
mp-1184074,mp-135,mp-33,mp-862614
mp-1105841,mp-1184067,mp-135,mp-862614
mp-1105841,mp-135,mp-30622,mp-862614
mp-1184074,mp-135,mp-33,mp-867111
mp-1184074,mp-135,mp-862614,mp-867111
mp-135,mp-30622,mp-862614,mp-867111
mp-1184067,mp-1184143,mp-135,mp-862614
mp-1184143,mp-135,mp-143,mp-862614
mp-1184067,mp-135,mp-37,mp-573601
mp-1184103,mp-12775,mp-135,mp-33
mp-1105841,mp-1184067,mp-135,mp-573601
mp-12775,mp-135,mp-30622,mp-573601
mp-1105841,mp-135,mp-30622,mp-573601
mp-1184103,mp-12775,mp-135,mp-867111
mp-12775,mp-135,mp-30622,mp-867111
mp-1184103,mp-135,mp-33,mp-867111
mp-131,mp-135,mp-214,mp-99
mp-135,mp-214,mp-33,mp-569220
mp-135,mp-214,mp-862661,mp-99
mp-1184237,mp-135,mp-569220,mp-862661
mp-1184237,mp-135,mp-214,mp-569220
mp-1184237,mp-135,mp-214,mp-862661
mp-1184192,mp-135,mp-862614,mp-99
mp-135,mp-33,mp-569220,mp-862614
mp-1184302,mp-135,mp-143,mp-862614
mp-1184192,mp-1184302,mp-135,mp-862614
mp-135,mp-862614,mp-862661,mp-99
mp-135,mp-569220,mp-862614,mp-862661
mp-135,mp-37,mp-573601,mp-99
mp-12775,mp-135,mp-33,mp-569220
mp-12775,mp-135,mp-573601,mp-862661
mp-135,mp-573601,mp-862661,mp-99
mp-12775,mp-135,mp-569220,mp-862661
mp-113,mp-1184505,mp-135,mp-155
mp-10740,mp-113,mp-1184505,mp-135
mp-10740,mp-1184505,mp-135,mp-155
mp-10740,mp-135,mp-155,mp-866058
mp-10740,mp-135,mp-865029,mp-866058
mp-135,mp-33,mp-646926,mp-865029
mp-135,mp-646926,mp-865029,mp-866058
mp-11452,mp-135,mp-49,mp-54
mp-103,mp-1190841,mp-135,mp-862684
mp-1064981,mp-1190841,mp-135,mp-862684
mp-11452,mp-1205422,mp-135,mp-54
mp-11452,mp-1205422,mp-135,mp-2337
mp-1064981,mp-1184586,mp-135,mp-2337
mp-11452,mp-1184586,mp-135,mp-2337
mp-11452,mp-1184586,mp-135,mp-862684
mp-1064981,mp-1184586,mp-135,mp-862684
mp-11871,mp-135,mp-144,mp-865959
mp-1224476,mp-135,mp-33,mp-865959
mp-11871,mp-1224476,mp-135,mp-865959
mp-1224476,mp-135,mp-2042,mp-33
mp-135,mp-1553,mp-23,mp-33
mp-135,mp-1553,mp-2042,mp-33
mp-11871,mp-1224476,mp-135,mp-673
mp-1224476,mp-135,mp-2042,mp-673
mp-10740,mp-113,mp-1184843,mp-135
mp-1101968,mp-113,mp-1184843,mp-135
mp-10740,mp-1184843,mp-135,mp-144
mp-1101968,mp-1184843,mp-135,mp-144
mp-12775,mp-135,mp-573601,mp-865959
mp-135,mp-144,mp-37,mp-573601
mp-135,mp-144,mp-573601,mp-865959
mp-1184846,mp-12775,mp-135,mp-33
mp-1184846,mp-12775,mp-135,mp-865959
mp-1184846,mp-135,mp-33,mp-865959
mp-10740,mp-1184890,mp-135,mp-865029
mp-10740,mp-135,mp-144,mp-865959
mp-10740,mp-1184890,mp-135,mp-865959
mp-135,mp-33,mp-865029,mp-865959
mp-1184890,mp-135,mp-865029,mp-865959
mp-1185527,mp-1186901,mp-135,mp-145
mp-10740,mp-1185527,mp-1186901,mp-135
mp-10740,mp-1185527,mp-135,mp-145
mp-1186208,mp-1220322,mp-135,mp-75
mp-113,mp-1186208,mp-1186915,mp-135
mp-1186208,mp-1186901,mp-1186915,mp-135
mp-1186208,mp-1186901,mp-1220322,mp-135
mp-113,mp-1186208,mp-1220323,mp-135
mp-1186208,mp-1220634,mp-135,mp-75
mp-1186208,mp-1220323,mp-1220634,mp-135
mp-135,mp-33,mp-54,mp-863675
mp-135,mp-54,mp-863675,mp-867200
mp-135,mp-143,mp-862614,mp-867200
mp-1186655,mp-135,mp-33,mp-862614
mp-1186655,mp-135,mp-33,mp-863675
mp-135,mp-862614,mp-863675,mp-867200
mp-1186655,mp-135,mp-862614,mp-863675
mp-1186901,mp-12678,mp-135,mp-35
mp-1186761,mp-1186901,mp-12678,mp-135
mp-1186761,mp-12678,mp-135,mp-50
mp-1186761,mp-1187203,mp-135,mp-50
mp-1186761,mp-1186901,mp-1217894,mp-135
mp-1186761,mp-1187203,mp-1217894,mp-135
mp-1186763,mp-1217895,mp-135,mp-50
mp-1186763,mp-1217895,mp-129,mp-135
mp-129,mp-135,mp-91,mp-979289
mp-1186763,mp-129,mp-135,mp-979289
mp-1186763,mp-1187206,mp-135,mp-50
mp-1186763,mp-1187206,mp-135,mp-979289
mp-1186899,mp-135,,
mp-135,mp-146,mp-567276,mp-865385
mp-1186901,mp-1217894,mp-135,mp-865385
mp-1187201,mp-135,mp-567276,mp-865385
mp-1187201,mp-1187203,mp-1217894,mp-135
mp-1187201,mp-1217894,mp-135,mp-865385
mp-1187201,mp-1187203,mp-135,mp-50
mp-1187201,mp-135,mp-50,mp-567276
mp-11572,mp-1186901,mp-1186915,mp-135
mp-113,mp-11572,mp-1186915,mp-135
mp-11572,mp-1187203,mp-135,mp-50
mp-11572,mp-1186901,mp-1187212,mp-135
mp-11572,mp-1187203,mp-1187212,mp-135
mp-1186901,mp-1187212,mp-1217894,mp-135
mp-1187203,mp-1187212,mp-1217894,mp-135
mp-1187243,mp-135,mp-49,mp-867141
mp-1187197,mp-1187203,mp-135,mp-50
mp-1187203,mp-1187213,mp-1217894,mp-135
mp-1187197,mp-1187213,mp-1218177,mp-135
mp-1187197,mp-1187203,mp-1187213,mp-135
mp-1186901,mp-1187213,mp-135,mp-867264
mp-1186901,mp-1187213,mp-1217894,mp-135
mp-1187213,mp-1219509,mp-135,mp-867264
mp-1187213,mp-1219509,mp-135,mp-867141
mp-1187213,mp-1187243,mp-1218177,mp-135
mp-1187213,mp-1187243,mp-135,mp-867141
mp-1187245,mp-1216621,mp-135,mp-91
mp-1187245,mp-1216621,mp-135,mp-72
mp-1017983,mp-1187245,mp-135,mp-72
mp-1017983,mp-129,mp-135,mp-91
mp-1017983,mp-1187245,mp-135,mp-91
mp-129,mp-135,mp-608,mp-823
mp-1017983,mp-129,mp-135,mp-823
mp-1139,mp-135,mp-54,mp-608
mp-1139,mp-129,mp-135,mp-608
mp-1017983,mp-1191331,mp-135,mp-72
mp-1187432,mp-1191331,mp-135,mp-823
mp-1017983,mp-1187432,mp-135,mp-823
mp-1017983,mp-1187432,mp-1191331,mp-135
mp-1186374,mp-135,mp-49,mp-866121
mp-1186374,mp-1187694,mp-135,mp-91
mp-1186374,mp-1187694,mp-135,mp-866121
mp-1187694,mp-135,mp-866121,mp-91
mp-1187702,mp-135,mp-866121,mp-91
mp-1216231,mp-135,mp-146,mp-866121
mp-1187702,mp-1216231,mp-135,mp-866121
mp-1187801,mp-135,mp-145,
mp-112,mp-1187801,mp-135,
mp-112,mp-1207781,mp-135,mp-862614
mp-112,mp-1187880,mp-135,mp-862614
mp-1187880,mp-135,mp-143,mp-862614
mp-135,mp-33,mp-568186,mp-862614
mp-1207781,mp-135,mp-862614,mp-862673
mp-135,mp-568186,mp-862614,mp-862673
mp-1095545,mp-113,mp-13,mp-135
mp-1095545,mp-13,mp-135,mp-1718
mp-1095545,mp-1187984,mp-135,mp-865893
mp-1095545,mp-1187984,mp-135,mp-1718
mp-1187984,mp-135,mp-1718,mp-865893
mp-131,mp-135,mp-31205,mp-865893
mp-135,mp-1718,mp-31205,mp-865893
mp-135,mp-49,mp-570684,mp-867212
mp-135,mp-570684,mp-862779,mp-867212
mp-11541,mp-135,mp-570684,mp-862779
mp-11541,mp-1188002,mp-135,mp-865870
mp-131,mp-135,mp-865870,mp-865893
mp-1188002,mp-135,mp-865870,mp-865893
mp-1095545,mp-113,mp-135,mp-862779
mp-1095545,mp-1188002,mp-135,mp-865893
mp-1095545,mp-11541,mp-135,mp-862779
mp-1095545,mp-11541,mp-1188002,mp-135
mp-1217363,mp-135,mp-214,mp-861630
mp-113,mp-135,mp-214,mp-861630
mp-1095545,mp-113,mp-135,mp-214
mp-1217363,mp-135,mp-214,mp-867356
mp-135,mp-214,mp-33,mp-867356
mp-1188003,mp-131,mp-135,mp-214
mp-1095545,mp-1188003,mp-135,mp-214
mp-1188003,mp-131,mp-135,mp-865893
mp-1095545,mp-1188003,mp-135,mp-865893
mp-1188062,mp-131,mp-135,mp-214
mp-1188062,mp-1194143,mp-135,mp-214
mp-1188014,mp-135,mp-214,mp-33
mp-1188062,mp-1194143,mp-1209947,mp-135
mp-1188014,mp-135,mp-30867,mp-865795
mp-1194143,mp-135,mp-214,mp-865795
mp-1188014,mp-135,mp-214,mp-865795
mp-1188014,mp-135,mp-30867,mp-567750
mp-1188014,mp-135,mp-33,mp-567750
mp-1077791,mp-1209947,mp-135,mp-67
mp-1077791,mp-1188062,mp-1209947,mp-135
mp-135,mp-2212,mp-27162,mp-30619
mp-1188062,mp-131,mp-135,mp-30619
mp-1188062,mp-135,mp-27162,mp-30619
mp-135,mp-2212,mp-30619,mp-628
mp-1077791,mp-135,mp-27162,mp-67
mp-1077791,mp-1188062,mp-135,mp-27162
mp-135,mp-253,mp-30569,mp-54
mp-135,mp-253,mp-30569,mp-929
mp-1188031,mp-135,mp-2212,mp-628
mp-1188031,mp-135,mp-2212,mp-253
mp-1188031,mp-135,mp-253,mp-929
mp-1188031,mp-135,mp-2283,mp-929
mp-1188031,mp-135,mp-2283,mp-628
mp-1194109,mp-135,mp-87,
mp-1057315,mp-1194109,mp-135,
mp-1194288,mp-135,mp-87,
mp-10740,mp-1194288,mp-135,
mp-1194291,mp-135,mp-87,
mp-1194291,mp-135,mp-155,
mp-11283,mp-131,mp-135,mp-328
mp-1033,mp-135,mp-23,mp-2717
mp-1033,mp-135,mp-2717,mp-485
mp-11283,mp-135,mp-328,mp-556
mp-1033,mp-135,mp-485,mp-556
mp-135,mp-30445,mp-87,mp-984315
mp-1033,mp-135,mp-30445,mp-984315
mp-1033,mp-135,mp-2544,mp-30445
mp-1033,mp-1207425,mp-135,mp-556
mp-11283,mp-1207425,mp-135,mp-556
mp-11283,mp-1207425,mp-135,mp-2544
mp-1033,mp-1207425,mp-135,mp-2544
mp-1033,mp-135,mp-23,mp-570491
mp-1033,mp-1208343,mp-135,mp-570491
mp-1033,mp-1189402,mp-1208343,mp-135
mp-1102049,mp-1189402,mp-1208343,mp-135
mp-11278,mp-135,mp-1867,mp-50
mp-11278,mp-1208343,mp-135,mp-1867
mp-1033,mp-1189402,mp-135,mp-984315
mp-1078957,mp-1102049,mp-1208343,mp-135
mp-1078957,mp-11278,mp-1208343,mp-135
mp-1157,mp-1208343,mp-135,mp-570491
mp-1157,mp-1208343,mp-135,mp-1867
mp-135,mp-567842,mp-87,mp-984315
mp-1189402,mp-135,mp-567842,mp-984315
mp-1208596,mp-135,mp-87,
mp-1208596,mp-135,mp-69,
mp-1033,mp-12174,mp-135,mp-23
mp-1018056,mp-1033,mp-12174,mp-135
mp-1018056,mp-103,mp-135,mp-2025
mp-1033,mp-1212567,mp-135,mp-984315
mp-1018056,mp-1033,mp-1212450,mp-135
mp-1018056,mp-1212450,mp-135,mp-2025
mp-1212450,mp-1212567,mp-135,mp-2025
mp-1033,mp-1212450,mp-1212567,mp-135
mp-135,mp-1878,mp-87,mp-984315
mp-1212567,mp-135,mp-1878,mp-984315
mp-1205422,mp-135,mp-2773,mp-54
mp-1205422,mp-135,mp-2337,mp-2773
mp-1183425,mp-1212451,mp-135,mp-2773
mp-1064981,mp-135,mp-2337,mp-2773
mp-1064981,mp-1212451,mp-135,mp-2773
mp-1064981,mp-1212451,mp-135,mp-2025
mp-1212451,mp-1212567,mp-135,mp-2025
mp-1183425,mp-1212451,mp-1212567,mp-135
mp-1183425,mp-1212567,mp-135,mp-1878
mp-1071690,mp-135,mp-1878,mp-87
mp-1071690,mp-1183425,mp-135,mp-1878
mp-103,mp-1190841,mp-135,mp-2025
mp-1064981,mp-1190841,mp-135,mp-2025
mp-1214229,mp-1220799,mp-135,mp-75
mp-11272,mp-1214229,mp-135,mp-75
mp-11272,mp-11273,mp-1214229,mp-135
mp-1033,mp-1220799,mp-135,mp-1451
mp-1033,mp-1214229,mp-1220799,mp-135
mp-1033,mp-135,mp-1451,mp-23
mp-1033,mp-135,mp-30441,mp-984315
mp-11273,mp-1214229,mp-135,mp-30441
mp-1033,mp-1214229,mp-135,mp-30441
mp-135,mp-568912,mp-87,mp-984315
mp-135,mp-30441,mp-568912,mp-984315
mp-1216231,mp-135,mp-146,mp-675
mp-1215169,mp-131,mp-135,mp-146
mp-1215169,mp-131,mp-135,mp-675
mp-1215169,mp-135,mp-146,mp-675
mp-1187702,mp-1216231,mp-135,mp-675
mp-1187702,mp-135,mp-675,mp-91
mp-1188062,mp-131,mp-135,mp-31205
mp-1077791,mp-1215207,mp-135,mp-67
mp-1215207,mp-135,mp-540,mp-67
mp-1215207,mp-13,mp-135,mp-1718
mp-1215207,mp-13,mp-135,mp-540
mp-1077791,mp-1188062,mp-1215207,mp-135
mp-1215207,mp-135,mp-1718,mp-31205
mp-1188062,mp-1215207,mp-135,mp-31205
mp-1183837,mp-135,mp-23,mp-2717
mp-1183837,mp-135,mp-2717,mp-54
mp-135,mp-2717,mp-485,mp-54
mp-135,mp-30569,mp-485,mp-54
mp-135,mp-30569,mp-485,mp-929
mp-1215600,mp-135,mp-485,mp-556
mp-1215600,mp-135,mp-485,mp-929
mp-1215600,mp-135,mp-30619,mp-628
mp-1215600,mp-135,mp-30619,mp-556
mp-131,mp-135,mp-30619,mp-328
mp-135,mp-30619,mp-328,mp-556
mp-1215600,mp-135,mp-2283,mp-929
mp-1215600,mp-135,mp-2283,mp-628
mp-131,mp-135,mp-146,mp-865385
mp-1215627,mp-131,mp-135,mp-865385
mp-12109,mp-1215627,mp-135,mp-865385
mp-1186901,mp-135,mp-1374,mp-865385
mp-12109,mp-135,mp-1374,mp-865385
mp-1215627,mp-131,mp-135,mp-574458
mp-12109,mp-1215627,mp-135,mp-574458
mp-1105633,mp-112,mp-1207781,mp-135
mp-1207781,mp-135,mp-1364,mp-862673
mp-1216057,mp-135,mp-1364,mp-862673
mp-1216057,mp-135,mp-568186,mp-862673
mp-135,mp-33,mp-568186,mp-569196
mp-1216057,mp-135,mp-568186,mp-569196
mp-1207781,mp-135,mp-1364,mp-582134
mp-1105633,mp-1207781,mp-135,mp-582134
mp-135,mp-2152,mp-23,mp-33
mp-1200338,mp-1216057,mp-135,mp-1364
mp-1200338,mp-1216057,mp-135,mp-569196
mp-135,mp-33,mp-569196,mp-574339
mp-135,mp-2152,mp-33,mp-574339
mp-13,mp-135,mp-21050,mp-35
mp-1216584,mp-135,mp-21050,mp-35
mp-1216584,mp-135,mp-35,mp-567695
mp-1216584,mp-135,mp-21050,mp-44
mp-1216584,mp-135,mp-44,mp-567695
mp-135,mp-1949,mp-35,mp-90
mp-1202079,mp-135,mp-1425,mp-72
mp-1202079,mp-1216946,mp-135,mp-1949
mp-1202079,mp-1216946,mp-135,mp-1425
mp-1216946,mp-135,mp-1949,mp-90
mp-1216946,mp-135,mp-1425,mp-90
mp-1219509,mp-135,mp-291,mp-867264
mp-1219509,mp-135,mp-291,mp-867141
mp-135,mp-291,mp-49,mp-867141
mp-1186901,mp-135,mp-518,mp-867264
mp-135,mp-291,mp-518,mp-867264
mp-1018125,mp-135,mp-291,mp-72
mp-1018125,mp-1217067,mp-135,mp-2179
mp-1018125,mp-1217067,mp-135,mp-291
mp-1217067,mp-135,mp-2179,mp-518
mp-1217067,mp-135,mp-291,mp-518
mp-1217895,mp-129,mp-135,mp-570491
mp-11507,mp-135,mp-23,mp-570491
mp-1157,mp-1217895,mp-135,mp-570491
mp-1217895,mp-135,mp-1867,mp-50
mp-1157,mp-1217895,mp-135,mp-1867
mp-11506,mp-11507,mp-1217923,mp-135
mp-11507,mp-1217923,mp-135,mp-570491
mp-11506,mp-1217923,mp-129,mp-135
mp-1217923,mp-129,mp-135,mp-570491
mp-1218218,mp-135,mp-568077,mp-979289
mp-135,mp-568077,mp-91,mp-979289
mp-1187206,mp-1218218,mp-135,mp-50
mp-1187206,mp-1218218,mp-135,mp-979289
mp-1217935,mp-13,mp-135,mp-568077
mp-1217935,mp-13,mp-135,mp-1473
mp-1217935,mp-135,mp-1473,mp-91
mp-1217935,mp-135,mp-568077,mp-91
mp-12678,mp-135,mp-316,mp-35
mp-1217985,mp-12678,mp-135,mp-316
mp-1217985,mp-12678,mp-135,mp-50
mp-1217985,mp-135,mp-316,mp-864984
mp-1217985,mp-135,mp-146,mp-864984
mp-1217985,mp-135,mp-50,mp-567276
mp-1217985,mp-135,mp-146,mp-567276
mp-1183837,mp-135,mp-23,mp-570491
mp-1183837,mp-135,mp-54,mp-570491
mp-1217989,mp-135,mp-1867,mp-50
mp-1217989,mp-135,mp-50,mp-574
mp-11358,mp-1218015,mp-135,mp-54
mp-1218015,mp-135,mp-54,mp-570491
mp-1218015,mp-135,mp-570491,mp-574
mp-1157,mp-1217989,mp-135,mp-1867
mp-1157,mp-135,mp-570491,mp-574
mp-1157,mp-1217989,mp-135,mp-574
mp-1218015,mp-1218179,mp-135,mp-574
mp-11358,mp-1218015,mp-1218179,mp-135
mp-1105598,mp-112,mp-135,mp-69
mp-135,mp-573425,mp-7317,mp-865373
mp-1294,mp-135,mp-7317,mp-865373
mp-1294,mp-135,mp-2588,mp-7317
mp-1105598,mp-135,mp-573425,mp-980752
mp-135,mp-573425,mp-7317,mp-980752
mp-1105598,mp-135,mp-69,mp-980752
mp-1219047,mp-135,mp-2588,mp-540547
mp-135,mp-2588,mp-336,mp-7317
mp-135,mp-2588,mp-336,mp-540547
mp-1219047,mp-135,mp-54,mp-570718
mp-1219047,mp-135,mp-2588,mp-570718
mp-1200096,mp-1219047,mp-135,mp-54
mp-1200096,mp-1219047,mp-135,mp-540547
mp-1225806,mp-135,mp-542633,mp-7317
mp-1225806,mp-135,mp-155,mp-7317
mp-135,mp-155,mp-69,mp-980752
mp-135,mp-155,mp-7317,mp-980752
mp-1219295,mp-135,mp-540547,mp-542633
mp-135,mp-336,mp-542633,mp-7317
mp-135,mp-336,mp-540547,mp-542633
mp-1201816,mp-1219295,mp-135,mp-542633
mp-1201816,mp-1219295,mp-135,mp-54
mp-1200096,mp-1219295,mp-135,mp-54
mp-1200096,mp-1219295,mp-135,mp-540547
mp-1219716,mp-123,mp-135,
mp-1059256,mp-1219716,mp-135,
mp-112,mp-1219744,mp-135,
mp-1059256,mp-1219744,mp-135,
mp-1104821,mp-135,mp-336,mp-7317
mp-1059256,mp-135,mp-69,mp-980752
mp-1059256,mp-135,mp-7317,mp-980752
mp-1200096,mp-1219785,mp-135,mp-54
mp-1104821,mp-1200096,mp-1219785,mp-135
mp-1059256,mp-135,mp-7317,mp-862762
mp-1104821,mp-135,mp-7317,mp-862762
mp-1105621,mp-1219785,mp-135,mp-54
mp-1104821,mp-1105621,mp-1219785,mp-135
mp-1104821,mp-135,mp-336,mp-540547
mp-1104821,mp-1200096,mp-135,mp-540547
mp-112,mp-1220208,mp-135,
mp-1220208,mp-123,mp-135,
mp-1220316,mp-1220327,mp-135,mp-75
mp-1220316,mp-1220335,mp-135,mp-91
mp-1220316,mp-1220327,mp-1220335,mp-135
mp-1220335,mp-129,mp-135,mp-91
mp-1220327,mp-1220335,mp-129,mp-135
mp-1220374,mp-135,mp-146,mp-75
mp-1187695,mp-1216394,mp-1220374,mp-135
mp-1187695,mp-1220374,mp-135,mp-146
mp-1187696,mp-1216394,mp-1220374,mp-135
mp-1220374,mp-135,mp-548,mp-75
mp-1187696,mp-135,mp-548,mp-90
mp-1187696,mp-1220374,mp-135,mp-548
mp-112,mp-1222780,mp-135,
mp-1222780,mp-135,mp-26,
mp-1059256,mp-1106122,mp-135,mp-573855
mp-1059256,mp-1189497,mp-135,mp-26
mp-1059256,mp-1189497,mp-135,mp-573855
mp-1064719,mp-1106122,mp-11799,mp-135
mp-1064719,mp-1106122,mp-135,mp-573855
mp-1102445,mp-135,mp-1679,mp-2370
mp-1064719,mp-11799,mp-135,mp-582055
mp-1102445,mp-11799,mp-135,mp-582055
mp-1222862,mp-135,mp-23,mp-2370
mp-1222862,mp-135,mp-23,mp-2317
mp-1222862,mp-135,mp-1679,mp-2317
mp-1222862,mp-135,mp-1679,mp-2370
mp-1102445,mp-135,mp-1679,mp-2764
mp-1102445,mp-135,mp-2764,mp-582055
mp-13,mp-135,mp-33,mp-865959
mp-135,mp-144,mp-1926,mp-865959
mp-13,mp-135,mp-30634,mp-865959
mp-135,mp-1926,mp-30634,mp-865959
mp-135,mp-1395,mp-2802,mp-865382
mp-135,mp-146,mp-2802,mp-865382
mp-103,mp-1224435,mp-135,mp-146
mp-103,mp-1224435,mp-135,mp-2802
mp-1224435,mp-135,mp-146,mp-2802
mp-135,mp-1395,mp-2802,mp-971788
mp-135,mp-2802,mp-33,mp-971788
mp-112,mp-1184067,mp-135,mp-1757
mp-1192321,mp-1225043,mp-135,mp-1570
mp-1192321,mp-1225043,mp-135,mp-1757
mp-112,mp-1225043,mp-135,mp-1570
mp-112,mp-1225043,mp-135,mp-1757
mp-1192321,mp-135,mp-1757,mp-568006
mp-11385,mp-13,mp-135,mp-568006
mp-11385,mp-1192321,mp-135,mp-568006
mp-135,mp-33,mp-54,mp-607
mp-135,mp-2216,mp-54,mp-607
mp-1112,mp-135,mp-28,mp-570369
mp-1112,mp-135,mp-570369,mp-570629
mp-1112,mp-1226767,mp-135,mp-2216
mp-1226767,mp-135,mp-2216,mp-607
mp-1226767,mp-135,mp-570629,mp-607
mp-1112,mp-1226767,mp-135,mp-570629
mp-135,mp-1418,mp-23,
mp-13,mp-135,mp-2213,
mp-135,mp-1418,mp-2213,
mp-135,mp-1562,mp-87,
mp-135,mp-1562,mp-37,
mp-135,mp-18014,mp-37,
mp-13,mp-135,mp-2689,
mp-135,mp-18014,mp-30639,
mp-135,mp-2689,mp-30639,
mp-135,mp-2039,mp-35,
mp-135,mp-2039,mp-67,
mp-13,mp-135,mp-204,
mp-135,mp-204,mp-28,
mp-135,mp-22482,mp-35,
mp-135,mp-22482,mp-99,
mp-135,mp-23158,,
mp-13,mp-135,mp-2463,
mp-135,mp-145,mp-2463,
mp-135,mp-30442,mp-87,
mp-11534,mp-135,mp-30442,
mp-135,mp-31189,mp-87,
mp-1184067,mp-135,mp-31189,
mp-135,mp-337,mp-87,
mp-135,mp-337,mp-613989,
mp-1186901,mp-135,mp-570923,
mp-112,mp-135,mp-570923,
mp-11573,mp-135,mp-72,mp-861912
mp-135,mp-50,mp-72,mp-861912
mp-113,mp-11573,mp-135,mp-861912
mp-11572,mp-135,mp-50,mp-861912
mp-113,mp-11572,mp-135,mp-861912
mp-13,mp-135,mp-2454,mp-35
mp-135,mp-1949,mp-2454,mp-305
mp-135,mp-1949,mp-2454,mp-35
mp-135,mp-305,mp-72,mp-861983
mp-1202079,mp-135,mp-72,mp-861983
mp-1202079,mp-135,mp-1949,mp-861983
mp-135,mp-1949,mp-305,mp-861983
mp-135,mp-49,mp-567612,mp-850
mp-11521,mp-12305,mp-135,mp-867501
mp-11521,mp-135,mp-850,mp-862361
mp-135,mp-567612,mp-850,mp-862361
mp-1197416,mp-135,mp-23,mp-49
mp-1197416,mp-135,mp-49,mp-850
mp-135,mp-568623,mp-67,mp-867501
mp-12305,mp-135,mp-568623,mp-867501
mp-135,mp-567612,mp-862361,mp-862887
mp-11521,mp-12305,mp-135,mp-862887
mp-11521,mp-135,mp-862361,mp-862887
mp-1197416,mp-135,mp-23,mp-33
mp-1197416,mp-135,mp-33,mp-850
mp-135,mp-33,mp-567750,mp-850
mp-135,mp-30867,mp-567750,mp-850
mp-11521,mp-1194143,mp-135,mp-867501
mp-11521,mp-135,mp-850,mp-862367
mp-135,mp-30867,mp-850,mp-862367
mp-1209947,mp-135,mp-67,mp-867501
mp-1194143,mp-1209947,mp-135,mp-867501
mp-135,mp-30867,mp-862367,mp-865795
mp-11521,mp-1194143,mp-135,mp-865795
mp-11521,mp-135,mp-862367,mp-865795
mp-10740,mp-135,mp-862777,mp-865029
mp-10740,mp-135,mp-143,mp-862614
mp-10740,mp-135,mp-862614,mp-862777
mp-135,mp-33,mp-862614,mp-865029
mp-135,mp-862614,mp-862777,mp-865029
mp-135,mp-23,mp-862852,
mp-10740,mp-135,mp-862852,
mp-135,mp-54,mp-863,
mp-135,mp-613989,mp-863,
mp-135,mp-50,mp-862661,mp-99
mp-135,mp-50,mp-862661,mp-977390
mp-135,mp-862661,mp-863679,mp-977390
mp-135,mp-569220,mp-862661,mp-863679
mp-1218044,mp-135,mp-1601,mp-863679
mp-1218044,mp-135,mp-863679,mp-977390
mp-135,mp-33,mp-569220,mp-867816
mp-135,mp-1601,mp-861954,mp-863679
mp-135,mp-569220,mp-861954,mp-863679
mp-135,mp-569220,mp-861954,mp-867816
mp-129,mp-135,mp-864782,mp-975834
mp-135,mp-33,mp-867816,mp-975834
mp-1217895,mp-135,mp-50,mp-864782
mp-1217895,mp-129,mp-135,mp-864782
mp-135,mp-50,mp-864782,mp-977390
mp-135,mp-861954,mp-864782,mp-975834
mp-135,mp-861954,mp-867816,mp-975834
mp-135,mp-1601,mp-861954,mp-864782
mp-1218044,mp-135,mp-1601,mp-864782
mp-1218044,mp-135,mp-864782,mp-977390
mp-103,mp-10740,mp-11460,mp-135
mp-10740,mp-113,mp-135,mp-864926
mp-10740,mp-11460,mp-135,mp-864926
mp-1095669,mp-113,mp-135,mp-864926
mp-1095669,mp-11460,mp-135,mp-864926
mp-135,mp-316,mp-35,mp-90
mp-1187696,mp-135,mp-316,mp-90
mp-1187696,mp-1216394,mp-135,mp-864953
mp-1187696,mp-135,mp-316,mp-864953
mp-1187695,mp-1216394,mp-135,mp-864953
mp-135,mp-316,mp-864953,mp-864984
mp-1187695,mp-135,mp-146,mp-864953
mp-135,mp-146,mp-864953,mp-864984
mp-12659,mp-135,mp-75,mp-977434
mp-12659,mp-135,mp-35,mp-864992
mp-135,mp-432,mp-864992,mp-977434
mp-12659,mp-135,mp-864992,mp-977434
mp-135,mp-35,mp-864992,mp-865045
mp-135,mp-33,mp-864992,mp-865045
mp-11517,mp-135,mp-33,mp-864992
mp-11517,mp-135,mp-432,mp-864992
mp-103,mp-1187203,mp-135,mp-50
mp-1187203,mp-1217894,mp-135,mp-865025
mp-103,mp-1187203,mp-135,mp-861875
mp-1187203,mp-135,mp-861875,mp-865025
mp-1186901,mp-1217894,mp-135,mp-567490
mp-1217894,mp-135,mp-567490,mp-865025
mp-135,mp-1689,mp-567490,mp-865025
mp-1203605,mp-135,mp-1689,mp-865025
mp-1203605,mp-135,mp-861875,mp-865025
mp-11452,mp-13,mp-135,mp-49
mp-11452,mp-13,mp-135,mp-333
mp-11452,mp-135,mp-862684,mp-865179
mp-11452,mp-135,mp-333,mp-865179
mp-135,mp-333,mp-862684,mp-865179
mp-103,mp-135,mp-2754,mp-862684
mp-135,mp-2754,mp-333,mp-862684
mp-11452,mp-135,mp-143,mp-867265
mp-11452,mp-135,mp-49,mp-867265
mp-11452,mp-135,mp-143,mp-862684
mp-103,mp-135,mp-143,mp-862684
mp-135,mp-143,mp-75,mp-867265
mp-135,mp-1932,mp-75,mp-867265
mp-1220934,mp-135,mp-1932,mp-867265
mp-1220934,mp-135,mp-49,mp-867265
mp-135,mp-145,mp-75,mp-977393
mp-135,mp-75,mp-977393,mp-977434
mp-135,mp-432,mp-865255,mp-977434
mp-11495,mp-135,mp-865255,mp-977393
mp-135,mp-865255,mp-977393,mp-977434
mp-11517,mp-135,mp-432,mp-865255
mp-11517,mp-135,mp-33,mp-865255
mp-135,mp-33,mp-568630,mp-865255
mp-11495,mp-135,mp-568630,mp-865255
mp-135,mp-143,mp-50,mp-867265
mp-1187243,mp-1218177,mp-135,mp-865270
mp-1218177,mp-135,mp-865270,mp-867265
mp-1187243,mp-135,mp-49,mp-865270
mp-135,mp-49,mp-865270,mp-867265
mp-1187197,mp-135,mp-50,mp-867265
mp-1187197,mp-1218177,mp-135,mp-867265
mp-131,mp-135,mp-214,mp-862614
mp-131,mp-135,mp-143,mp-862614
mp-135,mp-214,mp-862614,mp-865277
mp-135,mp-214,mp-33,mp-865277
mp-135,mp-33,mp-862614,mp-865277
mp-135,mp-33,mp-54,mp-568630
mp-11495,mp-135,mp-2206,mp-568630
mp-11495,mp-135,mp-2206,mp-977393
mp-1204082,mp-135,mp-54,mp-568630
mp-1204082,mp-135,mp-2206,mp-568630
mp-1222465,mp-135,mp-145,mp-977393
mp-1222465,mp-135,mp-2206,mp-977393
mp-1078899,mp-135,mp-145,mp-861963
mp-1078899,mp-135,mp-567590,mp-861963
mp-1078899,mp-135,mp-2130,mp-567590
mp-135,mp-2130,mp-49,mp-567590
mp-11491,mp-135,mp-23,mp-49
mp-11491,mp-135,mp-2130,mp-49
mp-135,mp-30622,mp-50,mp-977390
mp-1105841,mp-1184067,mp-135,mp-50
mp-1105841,mp-135,mp-30622,mp-50
mp-135,mp-33,mp-865364,mp-867816
mp-135,mp-33,mp-865364,mp-867111
mp-1218044,mp-135,mp-867111,mp-977390
mp-135,mp-30622,mp-867111,mp-977390
mp-1218044,mp-135,mp-1601,mp-867111
mp-135,mp-1601,mp-865364,mp-867111
mp-135,mp-1601,mp-861954,mp-865364
mp-135,mp-861954,mp-865364,mp-867816
mp-1186901,mp-135,mp-865484,mp-90
mp-1186901,mp-135,mp-865385,mp-865484
mp-1187696,mp-135,mp-865484,mp-90
mp-1187696,mp-135,mp-865385,mp-865484
mp-1187695,mp-135,mp-146,mp-865385
mp-1187696,mp-1216394,mp-135,mp-865385
mp-1187695,mp-1216394,mp-135,mp-865385
mp-135,mp-49,mp-865485,mp-90
mp-135,mp-49,mp-865485,mp-866121
mp-1187696,mp-135,mp-865485,mp-90
mp-1187696,mp-135,mp-865485,mp-866121
mp-1187695,mp-135,mp-146,mp-866121
mp-1187696,mp-1216394,mp-135,mp-866121
mp-1187695,mp-1216394,mp-135,mp-866121
mp-113,mp-135,mp-2540,mp-90
mp-135,mp-146,mp-2540,mp-865495
mp-135,mp-2540,mp-865495,mp-90
mp-1187696,mp-135,mp-865495,mp-90
mp-1187695,mp-135,mp-146,mp-865495
mp-1187696,mp-1216394,mp-135,mp-865495
mp-1187695,mp-1216394,mp-135,mp-865495
mp-135,mp-146,mp-865385,mp-866121
mp-135,mp-49,mp-866121,mp-867141
mp-1219509,mp-135,mp-865497,mp-867141
mp-135,mp-865497,mp-866121,mp-867141
mp-1219509,mp-135,mp-865497,mp-867264
mp-1186901,mp-135,mp-865497,mp-867264
mp-1186901,mp-135,mp-865385,mp-865497
mp-135,mp-865385,mp-865497,mp-866121
mp-10740,mp-135,mp-865029,mp-865516
mp-10740,mp-112,mp-1207781,mp-135
mp-10740,mp-135,mp-862673,mp-865516
mp-10740,mp-1207781,mp-135,mp-862673
mp-135,mp-862673,mp-865029,mp-865516
mp-135,mp-33,mp-568186,mp-865029
mp-135,mp-568186,mp-862673,mp-865029
mp-112,mp-1207781,mp-135,mp-50
mp-1207781,mp-135,mp-50,mp-977390
mp-135,mp-33,mp-568186,mp-867816
mp-1218044,mp-135,mp-1601,mp-862673
mp-1218044,mp-135,mp-862673,mp-977390
mp-1207781,mp-135,mp-862673,mp-977390
mp-135,mp-1601,mp-568186,mp-861954
mp-135,mp-568186,mp-861954,mp-867816
mp-135,mp-568186,mp-862673,mp-865519
mp-135,mp-1601,mp-568186,mp-865519
mp-135,mp-1601,mp-862673,mp-865519
mp-10740,mp-135,mp-49,mp-865608
mp-135,mp-49,mp-567590,mp-865608
mp-135,mp-567590,mp-861963,mp-865608
mp-10740,mp-135,mp-145,mp-861963
mp-10740,mp-135,mp-861963,mp-865608
mp-10740,mp-135,mp-865029,mp-865639
mp-10740,mp-135,mp-145,mp-977393
mp-10740,mp-135,mp-865639,mp-977393
mp-11495,mp-135,mp-865029,mp-865639
mp-11495,mp-135,mp-865639,mp-977393
mp-135,mp-33,mp-568630,mp-865029
mp-11495,mp-135,mp-568630,mp-865029
mp-1202079,mp-1216621,mp-135,mp-72
mp-1216621,mp-135,mp-865656,mp-91
mp-1202079,mp-1216621,mp-135,mp-865656
mp-1202079,mp-135,mp-1949,mp-865656
mp-135,mp-1949,mp-35,mp-865656
mp-135,mp-35,mp-865656,mp-91
mp-1186901,mp-1186915,mp-135,mp-518
mp-113,mp-1186915,mp-135,mp-518
mp-113,mp-11573,mp-135,mp-865665
mp-11573,mp-135,mp-518,mp-865665
mp-113,mp-135,mp-518,mp-865665
mp-11573,mp-135,mp-2179,mp-518
mp-1018125,mp-11573,mp-135,mp-72
mp-1018125,mp-11573,mp-135,mp-2179
mp-1186060,mp-135,mp-291,mp-35
mp-1186060,mp-135,mp-291,mp-49
mp-135,mp-1949,mp-291,mp-35
mp-135,mp-291,mp-72,mp-865768
mp-135,mp-1949,mp-291,mp-865768
mp-1202079,mp-135,mp-72,mp-865768
mp-1202079,mp-135,mp-1949,mp-865768
mp-10740,mp-113,mp-135,mp-865788
mp-1102890,mp-113,mp-135,mp-865788
mp-10740,mp-135,mp-143,mp-865788
mp-1102890,mp-135,mp-143,mp-865788
mp-135,mp-162,mp-75,mp-977434
mp-135,mp-432,mp-865857,mp-977434
mp-135,mp-162,mp-865857,mp-977434
mp-11517,mp-135,mp-432,mp-865857
mp-11517,mp-135,mp-33,mp-865857
mp-1215845,mp-135,mp-162,mp-865857
mp-1215845,mp-135,mp-33,mp-865857
mp-135,mp-865889,mp-87,
mp-135,mp-162,mp-865889,
mp-135,mp-146,mp-72,mp-865385
mp-1018125,mp-135,mp-72,mp-865385
mp-1018125,mp-135,mp-2179,mp-865916
mp-1018125,mp-135,mp-865385,mp-865916
mp-135,mp-2179,mp-518,mp-865916
mp-1186901,mp-135,mp-518,mp-865385
mp-135,mp-518,mp-865385,mp-865916
mp-1105841,mp-131,mp-135,mp-214
mp-1105841,mp-1184067,mp-131,mp-135
mp-135,mp-33,mp-866009,mp-867111
mp-135,mp-214,mp-33,mp-866009
mp-135,mp-214,mp-866009,mp-867111
mp-1105841,mp-135,mp-214,mp-30622
mp-135,mp-214,mp-30622,mp-867111
mp-1095669,mp-113,mp-135,mp-865733
mp-1095669,mp-135,mp-2337,mp-865733
mp-1095669,mp-11460,mp-135,mp-2337
mp-1205422,mp-135,mp-54,mp-865733
mp-1205422,mp-135,mp-2337,mp-865733
mp-103,mp-11460,mp-135,mp-866088
mp-1064981,mp-135,mp-2337,mp-866088
mp-11460,mp-135,mp-2337,mp-866088
mp-103,mp-1190841,mp-135,mp-866088
mp-1064981,mp-1190841,mp-135,mp-866088
mp-1187243,mp-135,mp-49,mp-567590
mp-1187243,mp-1218177,mp-135,mp-567590
mp-135,mp-145,mp-50,mp-861963
mp-1187197,mp-135,mp-50,mp-861963
mp-1187197,mp-1218177,mp-135,mp-861963
mp-135,mp-567590,mp-861963,mp-866127
mp-1218177,mp-135,mp-567590,mp-866127
mp-1218177,mp-135,mp-861963,mp-866127
mp-135,mp-50,mp-862558,mp-99
mp-1187243,mp-135,mp-49,mp-862558
mp-1187243,mp-1218177,mp-135,mp-866299
mp-1187243,mp-135,mp-862558,mp-866299
mp-1218177,mp-135,mp-862558,mp-866299
mp-1187197,mp-135,mp-50,mp-862558
mp-1187197,mp-1218177,mp-135,mp-862558
mp-135,mp-432,mp-867146,mp-977434
mp-135,mp-75,mp-867146,mp-977434
mp-11517,mp-135,mp-432,mp-867146
mp-11517,mp-135,mp-33,mp-867146
mp-135,mp-30867,mp-567750,mp-867146
mp-135,mp-33,mp-567750,mp-867146
mp-1209947,mp-135,mp-67,mp-75
mp-1194143,mp-1209947,mp-135,mp-75
mp-135,mp-75,mp-865795,mp-867146
mp-1194143,mp-135,mp-75,mp-865795
mp-135,mp-30867,mp-865795,mp-867146
mp-13,mp-135,mp-33,mp-867816
mp-135,mp-1601,mp-568077,mp-861954
mp-13,mp-135,mp-861954,mp-867816
mp-13,mp-135,mp-568077,mp-861954
mp-1218218,mp-135,mp-50,mp-977390
mp-1218218,mp-135,mp-1601,mp-568077
mp-1218044,mp-1218218,mp-135,mp-1601
mp-1218044,mp-1218218,mp-135,mp-977390
mp-1033,mp-1183837,mp-135,mp-23
mp-1033,mp-1183837,mp-135,mp-54
mp-1033,mp-1183425,mp-135,mp-984315
mp-1183425,mp-135,mp-2773,mp-867271
mp-1033,mp-1183425,mp-135,mp-867271
mp-135,mp-2773,mp-54,mp-867271
mp-1033,mp-135,mp-54,mp-867271
mp-1071690,mp-135,mp-87,mp-984315
mp-1071690,mp-1183425,mp-135,mp-984315
mp-11281,mp-135,mp-146,mp-866121
mp-11281,mp-1199166,mp-135,mp-866121
mp-135,mp-49,mp-866121,mp-867275
mp-1199166,mp-135,mp-49,mp-867275
mp-1199166,mp-135,mp-866121,mp-867275
mp-1199166,mp-135,mp-571438,mp-87
mp-11281,mp-1199166,mp-135,mp-571438
mp-10740,mp-113,mp-135,mp-867278
mp-1102084,mp-113,mp-135,mp-867278
mp-10740,mp-1184067,mp-135,mp-867278
mp-1102084,mp-1184067,mp-135,mp-867278
mp-10740,mp-135,mp-865029,mp-867279
mp-10740,mp-1105841,mp-1184067,mp-135
mp-10740,mp-135,mp-30622,mp-867279
mp-10740,mp-1105841,mp-135,mp-30622
mp-135,mp-865029,mp-867111,mp-867279
mp-135,mp-30622,mp-867111,mp-867279
mp-135,mp-33,mp-865029,mp-867111
mp-13,mp-135,mp-2225,mp-867304
mp-135,mp-2225,mp-571438,mp-87
mp-11281,mp-135,mp-2225,mp-571438
mp-13,mp-135,mp-866134,mp-867304
mp-1079399,mp-135,mp-866134,mp-867304
mp-1079399,mp-11281,mp-135,mp-146
mp-1079399,mp-11281,mp-135,mp-2225
mp-1079399,mp-135,mp-2225,mp-867304
mp-135,mp-33,mp-54,mp-567750
mp-135,mp-253,mp-30867,mp-567750
mp-135,mp-253,mp-54,mp-567750
mp-1194143,mp-135,mp-2212,mp-27162
mp-1194143,mp-135,mp-2212,mp-865795
mp-1209947,mp-135,mp-27162,mp-67
mp-1194143,mp-1209947,mp-135,mp-27162
mp-135,mp-30867,mp-865795,mp-867761
mp-135,mp-2212,mp-865795,mp-867761
mp-135,mp-2212,mp-253,mp-867761
mp-135,mp-253,mp-30867,mp-867761
mp-135,mp-49,mp-567612,mp-867786
mp-1220934,mp-135,mp-49,mp-867786
mp-1220934,mp-135,mp-1932,mp-867786
mp-135,mp-1932,mp-75,mp-862887
mp-12305,mp-135,mp-75,mp-862887
mp-135,mp-1932,mp-862887,mp-867786
mp-135,mp-567612,mp-862887,mp-867786
mp-135,mp-568623,mp-67,mp-75
mp-12305,mp-135,mp-568623,mp-75
mp-135,mp-35,mp-865045,mp-867811
mp-135,mp-33,mp-865045,mp-867811
mp-12678,mp-135,mp-35,mp-867811
mp-12678,mp-135,mp-1601,mp-867811
mp-12678,mp-135,mp-50,mp-977390
mp-135,mp-33,mp-867811,mp-867816
mp-1218044,mp-12678,mp-135,mp-1601
mp-1218044,mp-12678,mp-135,mp-977390
mp-135,mp-1601,mp-861954,mp-867811
mp-135,mp-861954,mp-867811,mp-867816
mp-135,mp-50,mp-72,mp-867821
mp-1202079,mp-135,mp-1949,mp-867821
mp-1202079,mp-135,mp-72,mp-867821
mp-12678,mp-135,mp-50,mp-867821
mp-12678,mp-135,mp-1949,mp-35
mp-12678,mp-135,mp-1949,mp-867821
mp-11273,mp-135,mp-865562,mp-977434
mp-135,mp-432,mp-867828,mp-977434
mp-11272,mp-135,mp-75,mp-977434
mp-11272,mp-11273,mp-135,mp-977434
mp-11517,mp-135,mp-432,mp-867828
mp-11517,mp-135,mp-33,mp-867828
mp-1103315,mp-135,mp-33,mp-867828
mp-1103315,mp-135,mp-865562,mp-977434
mp-1103315,mp-135,mp-867828,mp-977434
mp-11273,mp-135,mp-30441,mp-30443
mp-11273,mp-135,mp-30443,mp-865562
mp-135,mp-30443,mp-568912,mp-87
mp-135,mp-30441,mp-30443,mp-568912
mp-135,mp-50,mp-867897,mp-977390
mp-135,mp-33,mp-867816,mp-867897
mp-1218044,mp-135,mp-1601,mp-867897
mp-1218044,mp-135,mp-867897,mp-977390
mp-1209947,mp-135,mp-50,mp-67
mp-1194143,mp-1209947,mp-135,mp-50
mp-135,mp-50,mp-865795,mp-867897
mp-1194143,mp-135,mp-50,mp-865795
mp-135,mp-1601,mp-861954,mp-867897
mp-135,mp-861954,mp-867816,mp-867897
mp-135,mp-30867,mp-865795,mp-867897
mp-135,mp-33,mp-567750,mp-867897
mp-135,mp-30867,mp-567750,mp-867897
mp-11572,mp-135,mp-50,mp-67
mp-11572,mp-135,mp-67,mp-865936
mp-113,mp-11572,mp-135,mp-867262
mp-135,mp-865936,mp-867262,mp-867901
mp-11572,mp-135,mp-865936,mp-867901
mp-11572,mp-135,mp-867262,mp-867901
mp-10740,mp-135,mp-865029,mp-867918
mp-10740,mp-135,mp-862661,mp-99
mp-10740,mp-135,mp-862661,mp-867918
mp-135,mp-862661,mp-865029,mp-867918
mp-135,mp-33,mp-569220,mp-865029
mp-135,mp-569220,mp-862661,mp-865029
mp-135,mp-75,mp-862661,mp-99
mp-11517,mp-135,mp-432,mp-867919
mp-135,mp-75,mp-862661,mp-977434
mp-135,mp-862661,mp-867919,mp-977434
mp-135,mp-432,mp-867919,mp-977434
mp-135,mp-569220,mp-862661,mp-867919
mp-11517,mp-135,mp-33,mp-569220
mp-11517,mp-135,mp-569220,mp-867919
mp-1186901,mp-135,mp-91,mp-971754
mp-1186901,mp-135,mp-865385,mp-971754
mp-1187702,mp-135,mp-91,mp-971754
mp-1187702,mp-135,mp-865385,mp-971754
mp-1216231,mp-135,mp-146,mp-865385
mp-1187702,mp-1216231,mp-135,mp-865385
mp-129,mp-135,mp-972204,mp-975834
mp-135,mp-1395,mp-972204,mp-975834
mp-135,mp-1395,mp-971788,mp-975834
mp-135,mp-33,mp-971788,mp-975834
mp-129,mp-135,mp-972071,mp-972204
mp-135,mp-146,mp-865382,mp-972071
mp-135,mp-865382,mp-972071,mp-972204
mp-135,mp-1395,mp-865382,mp-972204
mp-11572,mp-135,mp-50,mp-75
mp-11572,mp-135,mp-75,mp-972323
mp-113,mp-1220323,mp-135,mp-972323
mp-113,mp-11572,mp-135,mp-972323
mp-1220323,mp-1220634,mp-135,mp-972323
mp-1220634,mp-135,mp-75,mp-972323
mp-135,mp-49,mp-54,mp-570684
mp-11541,mp-135,mp-30569,mp-929
mp-11541,mp-135,mp-30569,mp-570684
mp-135,mp-30569,mp-54,mp-570684
mp-131,mp-135,mp-30619,mp-865870
mp-135,mp-30619,mp-628,mp-865870
mp-135,mp-628,mp-865870,mp-972327
mp-11541,mp-135,mp-865870,mp-972327
mp-11541,mp-135,mp-929,mp-972327
mp-135,mp-2283,mp-929,mp-972327
mp-135,mp-2283,mp-628,mp-972327
mp-135,mp-144,mp-69,mp-865959
mp-1188125,mp-135,mp-69,mp-865959
mp-1104159,mp-1188125,mp-135,mp-865959
mp-1102438,mp-135,mp-33,mp-865959
mp-1102438,mp-1104159,mp-135,mp-865959
mp-1209947,mp-135,mp-592,mp-72
mp-1209947,mp-135,mp-67,mp-72
mp-135,mp-33,mp-567750,mp-592
mp-1194143,mp-1209947,mp-135,mp-592
mp-135,mp-30867,mp-567750,mp-972957
mp-135,mp-567750,mp-592,mp-972957
mp-135,mp-30867,mp-865795,mp-972957
mp-1194143,mp-135,mp-592,mp-865795
mp-135,mp-592,mp-865795,mp-972957
mp-11495,mp-135,mp-865959,mp-977393
mp-135,mp-144,mp-865959,mp-977393
mp-1184930,mp-135,mp-145,mp-977393
mp-1184930,mp-135,mp-144,mp-977393
mp-11495,mp-135,mp-568630,mp-865959
mp-135,mp-33,mp-568630,mp-865959
mp-135,mp-30867,mp-865795,mp-865959
mp-135,mp-144,mp-865795,mp-865959
mp-1194143,mp-135,mp-144,mp-865795
mp-1209947,mp-135,mp-144,mp-67
mp-1194143,mp-1209947,mp-135,mp-144
mp-135,mp-30867,mp-865959,mp-974063
mp-135,mp-30867,mp-567750,mp-974063
mp-135,mp-33,mp-567750,mp-865959
mp-135,mp-567750,mp-865959,mp-974063
mp-12662,mp-129,mp-135,mp-977353
mp-1186901,mp-12662,mp-135,mp-977353
mp-1186901,mp-1217894,mp-135,mp-977353
mp-1217895,mp-135,mp-50,mp-977353
mp-1217895,mp-129,mp-135,mp-977353
mp-1187203,mp-135,mp-50,mp-977353
mp-1187203,mp-1217894,mp-135,mp-977353
mp-135,mp-146,mp-567276,mp-865382
mp-135,mp-33,mp-867816,mp-971788
mp-135,mp-1395,mp-861954,mp-865382
mp-135,mp-1601,mp-861954,mp-865382
mp-135,mp-1395,mp-861954,mp-971788
mp-135,mp-861954,mp-867816,mp-971788
mp-135,mp-1601,mp-865382,mp-977382
mp-135,mp-50,mp-567276,mp-977382
mp-135,mp-567276,mp-865382,mp-977382
mp-135,mp-50,mp-977382,mp-977390
mp-1218044,mp-135,mp-1601,mp-977382
mp-1218044,mp-135,mp-977382,mp-977390
mp-131,mp-135,mp-75,mp-977534
mp-113,mp-1220323,mp-135,mp-977534
mp-1220323,mp-1220634,mp-135,mp-977534
mp-1220634,mp-135,mp-75,mp-977534
mp-1095545,mp-113,mp-135,mp-977534
mp-131,mp-135,mp-865893,mp-977534
mp-1095545,mp-135,mp-865893,mp-977534
mp-11452,mp-135,mp-49,mp-867212
mp-11452,mp-135,mp-862779,mp-867212
mp-113,mp-11452,mp-135,mp-862779
mp-103,mp-11460,mp-135,mp-862684
mp-1095669,mp-113,mp-11452,mp-135
mp-11452,mp-135,mp-862684,mp-977541
mp-11460,mp-135,mp-862684,mp-977541
mp-1095669,mp-11460,mp-135,mp-977541
mp-1095669,mp-11452,mp-135,mp-977541
mp-135,mp-675,mp-91,mp-977545
mp-1095545,mp-135,mp-675,mp-977545
mp-113,mp-135,mp-91,mp-977545
mp-1095545,mp-113,mp-135,mp-977545
mp-131,mp-135,mp-675,mp-865893
mp-1095545,mp-135,mp-675,mp-865893
mp-113,mp-135,mp-977552,
mp-135,mp-87,mp-977552,
mp-135,mp-143,mp-69,mp-862614
mp-1188125,mp-135,mp-69,mp-862614
mp-1104159,mp-1188125,mp-135,mp-862614
mp-1102438,mp-135,mp-33,mp-862614
mp-1102438,mp-1104159,mp-135,mp-862614
mp-12662,mp-129,mp-135,mp-979259
mp-1186901,mp-12662,mp-135,mp-979259
mp-1186901,mp-135,mp-865385,mp-979259
mp-129,mp-135,mp-972071,mp-979259
mp-135,mp-146,mp-865385,mp-972071
mp-135,mp-865385,mp-972071,mp-979259
mp-1187851,mp-135,mp-144,mp-865959
mp-1187851,mp-1207781,mp-135,mp-865959
mp-112,mp-1187851,mp-1207781,mp-135
mp-135,mp-33,mp-568186,mp-865959
mp-1207781,mp-135,mp-862673,mp-865959
mp-135,mp-568186,mp-862673,mp-865959
mp-10740,mp-113,mp-135,mp-979437
mp-1102030,mp-113,mp-135,mp-979437
mp-10740,mp-112,mp-135,mp-979437
mp-1102030,mp-112,mp-135,mp-979437
mp-12775,mp-135,mp-573601,mp-862614
mp-135,mp-143,mp-37,mp-573601
mp-135,mp-143,mp-573601,mp-862614
mp-12775,mp-135,mp-33,mp-980648
mp-12775,mp-135,mp-862614,mp-980648
mp-135,mp-33,mp-862614,mp-980648
mp-135,mp-146,mp-865382,mp-865385
mp-135,mp-33,mp-862630,mp-971788
mp-135,mp-1395,mp-862630,mp-971788
mp-135,mp-862630,mp-974455,mp-981365
mp-135,mp-1395,mp-862630,mp-981365
mp-1186901,mp-135,mp-974455,mp-981365
mp-1186901,mp-135,mp-865385,mp-981365
mp-135,mp-1395,mp-865382,mp-981365
mp-135,mp-865382,mp-865385,mp-981365
mp-11495,mp-135,mp-862614,mp-977393
mp-135,mp-143,mp-862614,mp-977393
mp-1187686,mp-135,mp-145,mp-977393
mp-1187686,mp-135,mp-143,mp-977393
mp-11495,mp-135,mp-862614,mp-983312
mp-11495,mp-135,mp-568630,mp-983312
mp-135,mp-33,mp-568630,mp-862614
mp-135,mp-568630,mp-862614,mp-983312
