0,1,2,3,4,5,6
mp-131,mp-135,mp-2286,,,,
mp-135,mp-28,mp-573471,,,,
mp-1197547,mp-135,mp-23703,,,,
mp-135,mp-2074,mp-28,,,,
mp-135,mp-23222,mp-28,,,,
mp-135,mp-26,mp-708,,,,
mp-1018766,mp-135,mp-757,,,,
mp-1018766,mp-135,mp-708,,,,
mp-1077063,mp-135,mp-26,,,,
mp-1077063,mp-1105962,mp-135,,,,
mp-1018768,mp-1105962,mp-135,,,,
mp-1018768,mp-135,mp-23222,,,,
mp-135,mp-69,mp-980757,,,,
mp-135,mp-2074,mp-980757,,,,
mp-112,mp-135,mp-23222,,,,
mp-135,mp-2251,mp-33,,,,
mp-1188283,mp-135,mp-146,,,,
mp-1188283,mp-135,mp-4604,,,,
mp-135,mp-2251,mp-4604,,,,
mp-135,mp-2074,mp-2251,,,,
mp-135,mp-2251,mp-49,,,,
mp-135,mp-155,mp-23222,,,,
mp-1078961,mp-11698,mp-135,,,,
mp-1078961,mp-135,mp-1777,,,,
mp-1138,mp-135,mp-567395,,,,
mp-1095265,mp-135,mp-162,,,,
mp-1095265,mp-135,mp-23222,,,,
mp-1057315,mp-1095425,mp-135,,,,
mp-1095425,mp-135,mp-2074,,,,
mp-103,mp-135,mp-864647,,,,
mp-1097065,mp-135,mp-2828,,,,
mp-1224388,mp-135,mp-2828,,,,
mp-1224388,mp-135,mp-864647,,,,
mp-1097065,mp-135,mp-2251,,,,
mp-1057315,mp-1095380,mp-135,,,,
mp-1095380,mp-135,mp-23222,,,,
mp-135,mp-574275,mp-975904,,,,
mp-135,mp-1885,mp-279,,,,
mp-11512,mp-135,mp-1885,,,,
mp-11512,mp-135,mp-568404,,,,
mp-112,mp-1204352,mp-135,,,,
mp-11420,mp-1204352,mp-135,,,,
mp-11420,mp-135,mp-29210,,,,
mp-1138,mp-135,mp-976408,,,,
mp-1153,mp-135,mp-862658,,,,
mp-135,mp-23222,mp-510430,,,,
mp-135,mp-1646,mp-510430,,,,
mp-135,mp-510430,mp-574275,,,,
mp-135,mp-1646,mp-975904,,,,
mp-10740,mp-135,mp-1960,,,,
mp-1183069,mp-135,mp-574275,,,,
mp-135,mp-1777,mp-867227,,,,
mp-135,mp-567395,mp-981935,,,,
mp-135,mp-574275,mp-981935,,,,
mp-135,mp-19923,mp-568404,,,,
mp-1185392,mp-135,mp-155,,,,
mp-1078585,mp-135,mp-19923,,,,
mp-1078585,mp-1185392,mp-135,,,,
mp-135,mp-861947,mp-867200,,,,
mp-135,mp-29210,mp-983460,,,,
mp-135,mp-861947,mp-983460,,,,
mp-135,mp-1934,mp-867227,,,,
mp-1185421,mp-135,mp-23,,,,
mp-135,mp-1934,mp-867252,,,,
mp-1185421,mp-135,mp-867252,,,,
mp-135,mp-1934,mp-976408,,,,
mp-135,mp-2509,mp-600561,,,,
mp-1107,mp-135,mp-37,,,,
mp-1107,mp-12755,mp-135,,,,
mp-1185462,mp-12755,mp-135,,,,
mp-1185462,mp-135,mp-2509,,,,
mp-135,mp-20084,mp-600561,,,,
mp-135,mp-1742,mp-20084,,,,
mp-1185609,mp-135,mp-155,,,,
mp-1185609,mp-135,mp-1742,,,,
mp-135,mp-145,mp-573471,,,,
mp-1190768,mp-135,mp-69,,,,
mp-1190768,mp-135,mp-573471,,,,
mp-1191877,mp-135,mp-155,,,,
mp-1191877,mp-135,mp-573471,,,,
mp-135,mp-144,mp-30735,,,,
mp-1192002,mp-135,mp-573471,,,,
mp-1192002,mp-135,mp-30735,,,,
mp-135,mp-144,mp-15820,,,,
mp-135,mp-15820,mp-1777,,,,
mp-1138,mp-135,mp-37,,,,
mp-1138,mp-135,mp-573471,,,,
mp-1105989,mp-135,mp-145,,,,
mp-1205878,mp-135,mp-1777,,,,
mp-1105989,mp-1205878,mp-135,,,,
mp-135,mp-1777,mp-862658,,,,
mp-135,mp-2286,mp-72,,,,
mp-113,mp-135,mp-1960,,,,
mp-1059256,mp-1191159,mp-135,,,,
mp-1191159,mp-135,mp-573471,,,,
mp-135,mp-1960,mp-867227,,,,
mp-135,mp-1646,mp-2545,,,,
mp-1211433,mp-135,mp-162,,,,
mp-1211433,mp-135,mp-2545,,,,
mp-1188310,mp-135,mp-143,,,,
mp-1205941,mp-135,mp-1777,,,,
mp-1188310,mp-1205941,mp-135,,,,
mp-135,mp-29720,mp-862658,,,,
mp-1269,mp-135,mp-69,,,,
mp-1153,mp-1269,mp-135,,,,
mp-135,mp-44,mp-570935,,,,
mp-1153,mp-135,mp-23222,,,,
mp-135,mp-2074,mp-975904,,,,
mp-135,mp-976280,mp-99,,,,
mp-135,mp-7396,mp-981935,,,,
mp-1222617,mp-135,mp-862658,,,,
mp-1222617,mp-135,mp-1934,,,,
mp-135,mp-1646,mp-981935,,,,
mp-135,mp-29210,mp-981935,,,,
mp-1197547,mp-135,mp-1777,,,,
mp-135,mp-757,mp-981935,,,,
mp-1197547,mp-135,mp-7396,,,,
mp-1186055,mp-135,mp-567395,,,,
mp-1138,mp-135,mp-867227,,,,
mp-112,mp-135,mp-17751,,,,
mp-135,mp-14209,mp-1777,,,,
mp-135,mp-14209,mp-17751,,,,
mp-135,mp-757,mp-862658,,,,
mp-112,mp-1153,mp-135,,,,
mp-1153,mp-1184067,mp-135,,,,
mp-1153,mp-135,mp-144,,,,
mp-11698,mp-135,mp-2286,,,,
mp-135,mp-144,mp-2286,,,,
mp-135,mp-2286,mp-99,,,,
mp-135,mp-15822,mp-69,,,,
mp-135,mp-15822,mp-1777,,,,
mp-10181,mp-135,mp-23,,,,
mp-10181,mp-135,mp-29720,,,,
mp-135,mp-2074,mp-976408,,,,
mp-135,mp-573471,mp-600561,,,,
mp-135,mp-2286,mp-510430,,,,
mp-135,mp-510430,mp-867227,,,,
mp-135,mp-2530,mp-510430,,,,
mp-135,mp-570466,mp-865892,,,,
mp-135,mp-574275,mp-865892,,,,
mp-1197547,mp-135,mp-510430,,,,
mp-11544,mp-135,mp-162,,,,
mp-11544,mp-135,mp-866180,,,,
mp-135,mp-574275,mp-866180,,,,
mp-135,mp-33,mp-573471,,,,
mp-1138,mp-129,mp-135,,,,
mp-135,mp-37,mp-834,,,,
mp-135,mp-2251,mp-27487,,,,
mp-135,mp-27487,mp-834,,,,
mp-1186055,mp-135,mp-2286,,,,
mp-135,mp-18337,mp-87,,,,
mp-135,mp-2251,mp-29463,,,,
mp-135,mp-18337,mp-29463,,,,
mp-135,mp-567395,mp-570935,,,,
mp-135,mp-29210,mp-2988,,,,
mp-135,mp-2988,mp-600561,,,,
mp-1185319,mp-135,mp-75,,,,
mp-135,mp-510430,mp-976408,,,,
mp-135,mp-510430,mp-567395,,,,
mp-135,mp-2074,mp-567395,,,,
mp-135,mp-567395,mp-573471,,,,
mp-135,mp-30816,mp-568404,,,,
mp-1197547,mp-135,mp-30816,,,,
mp-135,mp-30818,mp-568404,,,,
mp-135,mp-30818,mp-867227,,,,
mp-135,mp-29210,mp-862658,,,,
mp-135,mp-279,mp-510430,,,,
mp-135,mp-2074,mp-867227,,,,
mp-135,mp-29210,mp-3201,,,,
mp-1197547,mp-135,mp-3201,,,,
mp-135,mp-2286,mp-69,,,,
mp-135,mp-29210,mp-3726,,,,
mp-135,mp-3726,mp-867227,,,,
mp-1213824,mp-135,mp-28,,,,
mp-1213824,mp-135,mp-1777,,,,
mp-112,mp-135,mp-567412,,,,
mp-135,mp-504790,mp-567412,,,,
mp-135,mp-504790,mp-573471,,,,
mp-1186055,mp-135,mp-2074,,,,
mp-135,mp-279,mp-31441,,,,
mp-135,mp-29210,mp-31441,,,,
mp-1153,mp-135,mp-2530,,,,
mp-135,mp-573471,mp-976408,,,,
mp-123,mp-135,mp-567735,,,,
mp-135,mp-571109,mp-9967,,,,
mp-135,mp-355,mp-9967,,,,
mp-135,mp-355,mp-567735,,,,
mp-135,mp-29720,mp-571109,,,,
mp-112,mp-1185233,mp-135,,,,
mp-1185233,mp-135,mp-510430,,,,
mp-1186899,mp-135,mp-573471,,,,
mp-135,mp-492,mp-686129,,,,
mp-135,mp-72,mp-8282,,,,
mp-135,mp-492,mp-8282,,,,
mp-135,mp-2251,mp-686129,,,,
mp-103,mp-135,mp-772185,,,,
mp-135,mp-1960,mp-772185,,,,
mp-135,mp-1934,mp-2251,,,,
mp-1138,mp-135,mp-91,,,,
mp-1138,mp-135,mp-1777,,,,
mp-135,mp-26,mp-759,,,,
mp-135,mp-2074,mp-8405,,,,
mp-135,mp-759,mp-8405,,,,
mp-123,mp-135,mp-2602,,,,
mp-135,mp-757,mp-8406,,,,
mp-135,mp-2602,mp-8406,,,,
mp-135,mp-35,mp-867227,,,,
mp-135,mp-574275,mp-600561,,,,
mp-135,mp-143,mp-510430,,,,
mp-135,mp-144,mp-1646,,,,
mp-135,mp-26,mp-867883,,,,
mp-135,mp-574275,mp-861893,,,,
mp-135,mp-861893,mp-867883,,,,
mp-135,mp-29210,mp-567395,,,,
mp-135,mp-568404,mp-862980,,,,
mp-135,mp-861948,mp-867200,,,,
mp-135,mp-862929,mp-862980,,,,
mp-135,mp-861948,mp-862929,,,,
mp-135,mp-50,mp-861951,,,,
mp-135,mp-600561,mp-861951,,,,
mp-135,mp-1777,mp-861955,,,,
mp-135,mp-861955,mp-867200,,,,
mp-135,mp-49,mp-567590,,,,
mp-135,mp-145,mp-861963,,,,
mp-135,mp-567590,mp-861963,,,,
mp-135,mp-600561,mp-862297,,,,
mp-135,mp-364,mp-862297,,,,
mp-135,mp-30821,mp-364,,,,
mp-135,mp-30821,mp-568404,,,,
mp-1197547,mp-135,mp-757,,,,
mp-135,mp-7396,mp-99,,,,
mp-1183069,mp-135,mp-7396,,,,
mp-135,mp-1495,mp-279,,,,
mp-135,mp-1495,mp-2713,,,,
mp-1201760,mp-135,mp-2713,,,,
mp-135,mp-862554,mp-99,,,,
mp-1201760,mp-135,mp-862554,,,,
mp-135,mp-2322,mp-568404,,,,
mp-112,mp-135,mp-862555,,,,
mp-135,mp-2322,mp-862555,,,,
mp-135,mp-49,mp-862558,,,,
mp-135,mp-862558,mp-99,,,,
mp-135,mp-1646,mp-99,,,,
mp-135,mp-33,mp-569220,,,,
mp-135,mp-862661,mp-99,,,,
mp-135,mp-569220,mp-862661,,,,
mp-11452,mp-135,mp-49,,,,
mp-103,mp-135,mp-862684,,,,
mp-11452,mp-135,mp-862684,,,,
mp-135,mp-567395,mp-568404,,,,
mp-135,mp-571262,mp-600561,,,,
mp-1214063,mp-135,mp-570466,,,,
mp-135,mp-571262,mp-862764,,,,
mp-1214063,mp-135,mp-862764,,,,
mp-135,mp-279,mp-862765,,,,
mp-135,mp-155,mp-862765,,,,
mp-135,mp-49,mp-862841,,,,
mp-135,mp-862841,mp-867200,,,,
mp-135,mp-49,mp-567612,,,,
mp-135,mp-568623,mp-67,,,,
mp-12305,mp-135,mp-568623,,,,
mp-135,mp-567612,mp-862887,,,,
mp-12305,mp-135,mp-862887,,,,
mp-135,mp-567395,mp-867200,,,,
mp-135,mp-7396,mp-862934,,,,
mp-135,mp-862934,mp-867200,,,,
mp-135,mp-573471,mp-862935,,,,
mp-135,mp-862935,mp-867200,,,,
mp-1186055,mp-135,mp-23222,,,,
mp-135,mp-69,mp-866200,,,,
mp-135,mp-7396,mp-866200,,,,
mp-135,mp-155,mp-865349,,,,
mp-135,mp-7396,mp-865349,,,,
mp-135,mp-867227,mp-892,,,,
mp-1196981,mp-135,mp-67,,,,
mp-1196981,mp-135,mp-865444,,,,
mp-135,mp-865444,mp-892,,,,
mp-1184479,mp-135,mp-155,,,,
mp-1184479,mp-135,mp-865483,,,,
mp-135,mp-510430,mp-865483,,,,
mp-135,mp-510430,mp-99,,,,
mp-1197547,mp-135,mp-975904,,,,
mp-135,mp-144,mp-7396,,,,
mp-1059256,mp-135,mp-8481,,,,
mp-135,mp-1777,mp-8481,,,,
mp-1059256,mp-135,mp-865715,,,,
mp-135,mp-7396,mp-865715,,,,
mp-135,mp-510430,mp-573471,,,,
mp-1059256,mp-135,mp-1646,,,,
mp-135,mp-1780,mp-600561,,,,
mp-135,mp-30863,mp-67,,,,
mp-135,mp-1780,mp-865793,,,,
mp-135,mp-30863,mp-865793,,,,
mp-135,mp-33,mp-865838,,,,
mp-135,mp-189,mp-865838,,,,
mp-135,mp-189,mp-29720,,,,
mp-1065995,mp-131,mp-135,,,,
mp-1065995,mp-135,mp-867227,,,,
mp-112,mp-135,mp-865867,,,,
mp-135,mp-7396,mp-865867,,,,
mp-135,mp-669917,mp-865868,,,,
mp-135,mp-600561,mp-865868,,,,
mp-135,mp-571664,mp-669917,,,,
mp-1188413,mp-131,mp-135,,,,
mp-1188413,mp-135,mp-571664,,,,
mp-135,mp-49,mp-570684,,,,
mp-11541,mp-135,mp-570684,,,,
mp-131,mp-135,mp-865870,,,,
mp-11541,mp-135,mp-865870,,,,
mp-135,mp-1934,mp-567395,,,,
mp-131,mp-135,mp-567395,,,,
mp-135,mp-279,mp-865933,,,,
mp-135,mp-29720,mp-865933,,,,
mp-135,mp-67,mp-865936,,,,
mp-113,mp-135,mp-867262,,,,
mp-135,mp-865936,mp-867262,,,,
mp-135,mp-37,mp-567395,,,,
mp-135,mp-570466,mp-865964,,,,
mp-135,mp-573471,mp-865964,,,,
mp-1197547,mp-135,mp-567395,,,,
mp-123,mp-135,mp-866179,,,,
mp-135,mp-7396,mp-866179,,,,
mp-123,mp-135,mp-866181,,,,
mp-135,mp-510430,mp-866181,,,,
mp-1207599,mp-135,mp-162,,,,
mp-1207599,mp-135,mp-866191,,,,
mp-135,mp-29720,mp-866191,,,,
mp-1059256,mp-135,mp-574275,,,,
mp-1184067,mp-135,mp-7396,,,,
mp-135,mp-600561,mp-975904,,,,
mp-11564,mp-135,mp-600561,,,,
mp-135,mp-143,mp-867162,,,,
mp-11564,mp-135,mp-867162,,,,
mp-1195042,mp-135,mp-30828,,,,
mp-135,mp-574275,mp-867174,,,,
mp-135,mp-30828,mp-867174,,,,
mp-135,mp-29210,mp-867197,,,,
mp-135,mp-23,mp-867197,,,,
mp-135,mp-867227,mp-975904,,,,
mp-135,mp-2762,mp-279,,,,
mp-135,mp-2762,mp-30746,,,,
mp-1198712,mp-135,mp-30746,,,,
mp-112,mp-1207785,mp-135,,,,
mp-1198712,mp-135,mp-867235,,,,
mp-1207785,mp-135,mp-867235,,,,
mp-135,mp-279,mp-867253,,,,
mp-135,mp-1934,mp-867253,,,,
mp-1101953,mp-135,mp-49,,,,
mp-1190011,mp-135,mp-144,,,,
mp-1101953,mp-135,mp-867269,,,,
mp-1190011,mp-135,mp-867269,,,,
mp-135,mp-862658,mp-867272,,,,
mp-135,mp-568404,mp-867272,,,,
mp-135,mp-2725,mp-279,,,,
mp-1201266,mp-135,mp-2725,,,,
mp-1106276,mp-11698,mp-135,,,,
mp-1201266,mp-135,mp-867285,,,,
mp-1106276,mp-135,mp-867285,,,,
mp-1057315,mp-135,mp-867474,,,,
mp-135,mp-573471,mp-867474,,,,
mp-112,mp-135,mp-1646,,,,
mp-135,mp-23,mp-2593,,,,
mp-135,mp-1487,mp-862318,,,,
mp-135,mp-1487,mp-16514,,,,
mp-135,mp-568404,mp-862318,,,,
mp-135,mp-2593,mp-867812,,,,
mp-135,mp-16514,mp-867812,,,,
mp-1184905,mp-135,mp-2286,,,,
mp-11534,mp-135,mp-1960,,,,
mp-135,mp-33,mp-568630,,,,
mp-11495,mp-135,mp-568630,,,,
mp-135,mp-145,mp-977393,,,,
mp-11495,mp-135,mp-977393,,,,
mp-135,mp-377,mp-600561,,,,
mp-135,mp-145,mp-977405,,,,
mp-135,mp-377,mp-977405,,,,
mp-135,mp-2339,mp-72,,,,
mp-135,mp-2339,mp-867227,,,,
mp-1186231,mp-135,mp-279,,,,
mp-135,mp-1458,mp-75,,,,
mp-1186231,mp-135,mp-977563,,,,
mp-135,mp-1458,mp-977563,,,,
mp-135,mp-1934,mp-2074,,,,
mp-1153,mp-135,mp-67,,,,
mp-1197547,mp-135,mp-2074,,,,
mp-1184067,mp-135,mp-2074,,,,
mp-135,mp-144,mp-2074,,,,
mp-12049,mp-123,mp-135,,,,
mp-12049,mp-135,mp-2074,,,,
mp-1059256,mp-135,mp-23222,,,,
mp-1059256,mp-1071848,mp-135,,,,
mp-1071848,mp-135,mp-2074,,,,
mp-135,mp-2286,mp-75,,,,
mp-135,mp-2251,mp-573471,,,,
mp-135,mp-2251,mp-510430,,,,
mp-135,mp-573471,mp-862658,,,,
mp-135,mp-23703,mp-867227,,,,
mp-1138,mp-135,mp-75,,,,
mp-1138,mp-135,mp-49,,,,
mp-1079394,mp-1184067,mp-135,,,,
mp-1079394,mp-135,mp-1777,,,,
mp-135,mp-26,mp-861894,,,,
mp-135,mp-573471,mp-861894,,,,
mp-1095274,mp-135,mp-162,,,,
mp-1095274,mp-135,mp-757,,,,
mp-1057315,mp-1095352,mp-135,,,,
mp-1095352,mp-135,mp-757,,,,
mp-1095371,mp-135,mp-162,,,,
mp-1095371,mp-135,mp-2074,,,,
mp-123,mp-135,mp-15821,,,,
mp-135,mp-15821,mp-1777,,,,
mp-1153,mp-1186901,mp-135,,,,
mp-135,mp-7396,mp-975904,,,,
mp-135,mp-1646,mp-7396,,,,
mp-135,mp-1646,mp-23222,,,,
mp-135,mp-975904,mp-976408,,,,
mp-1079796,mp-135,mp-72,,,,
mp-1079796,mp-13164,mp-135,,,,
mp-1197547,mp-13164,mp-135,,,,
mp-1185267,mp-135,mp-33,,,,
mp-11534,mp-1185267,mp-135,,,,
mp-11534,mp-1185270,mp-135,,,,
mp-1185270,mp-135,mp-600561,,,,
mp-1072399,mp-135,mp-87,,,,
mp-1072399,mp-135,mp-867227,,,,
mp-1185329,mp-135,mp-600561,,,,
mp-1183069,mp-1185329,mp-135,,,,
mp-135,mp-1646,mp-28,,,,
mp-1057315,mp-135,mp-7396,,,,
mp-135,mp-49,mp-510184,,,,
mp-1185354,mp-135,mp-155,,,,
mp-1185354,mp-135,mp-510184,,,,
mp-135,mp-26,mp-866195,,,,
mp-135,mp-7396,mp-866195,,,,
mp-135,mp-23,mp-510430,,,,
mp-135,mp-145,mp-7396,,,,
mp-135,mp-20353,mp-29210,,,,
mp-1185394,mp-135,mp-155,,,,
mp-1185394,mp-135,mp-20353,,,,
mp-135,mp-1646,mp-37,,,,
mp-1188469,mp-135,mp-26,,,,
mp-1188469,mp-135,mp-1777,,,,
mp-1191015,mp-123,mp-135,,,,
mp-1191015,mp-135,mp-573471,,,,
mp-1184067,mp-1192210,mp-135,,,,
mp-1192210,mp-135,mp-573471,,,,
mp-135,mp-568404,mp-976408,,,,
mp-1197580,mp-135,mp-1646,,,,
mp-1197580,mp-135,mp-570466,,,,
mp-112,mp-135,mp-2074,,,,
mp-1153,mp-131,mp-135,,,,
mp-103,mp-1153,mp-135,,,,
mp-1106373,mp-135,mp-69,,,,
mp-1025489,mp-1106373,mp-135,,,,
mp-1025489,mp-135,mp-29720,,,,
mp-1059256,mp-1079937,mp-135,,,,
mp-1079937,mp-135,mp-9968,,,,
mp-1210780,mp-135,mp-9968,,,,
mp-1210780,mp-135,mp-29720,,,,
mp-13,mp-135,mp-976280,,,,
mp-135,mp-23,mp-757,,,,
mp-11854,mp-135,mp-99,,,,
mp-13474,mp-135,mp-1777,,,,
mp-11854,mp-13474,mp-135,,,,
mp-11698,mp-135,mp-1610,,,,
mp-1153,mp-135,mp-1610,,,,
mp-135,mp-29720,mp-567395,,,,
mp-135,mp-279,mp-573471,,,,
mp-135,mp-29210,mp-976408,,,,
mp-135,mp-29210,mp-568404,,,,
mp-135,mp-510430,mp-975904,,,,
mp-135,mp-44,mp-976280,,,,
mp-135,mp-31442,mp-600561,,,,
mp-135,mp-31442,mp-510430,,,,
mp-1138,mp-1197547,mp-135,,,,
mp-135,mp-14210,mp-155,,,,
mp-135,mp-14210,mp-1777,,,,
mp-1153,mp-135,mp-99,,,,
mp-135,mp-155,mp-2286,,,,
mp-112,mp-135,mp-2286,,,,
mp-1184067,mp-135,mp-2286,,,,
mp-135,mp-143,mp-18189,,,,
mp-135,mp-18189,mp-573471,,,,
mp-1001835,mp-135,mp-867227,,,,
mp-135,mp-29210,mp-33,,,,
mp-1001835,mp-1197547,mp-135,,,,
mp-135,mp-54,mp-757,,,,
mp-135,mp-1960,mp-976408,,,,
mp-135,mp-1960,mp-7396,,,,
mp-135,mp-27797,mp-600561,,,,
mp-135,mp-23703,mp-27797,,,,
mp-135,mp-2251,mp-29149,,,,
mp-1185319,mp-135,mp-29149,,,,
mp-135,mp-1777,mp-567395,,,,
mp-122,mp-135,mp-573471,,,,
mp-135,mp-574275,mp-976408,,,,
mp-1197547,mp-135,mp-574275,,,,
mp-135,mp-1865,mp-44,,,,
mp-135,mp-1865,mp-31066,,,,
mp-135,mp-2251,mp-31066,,,,
mp-135,mp-279,mp-3348,,,,
mp-1001835,mp-135,mp-3348,,,,
mp-135,mp-2530,mp-568404,,,,
mp-135,mp-2530,mp-29210,,,,
mp-135,mp-2857,mp-67,,,,
mp-135,mp-2251,mp-542435,,,,
mp-135,mp-2857,mp-542435,,,,
mp-135,mp-23222,mp-569501,,,,
mp-135,mp-569501,mp-570466,,,,
mp-135,mp-23703,mp-87,,,,
mp-135,mp-600561,mp-605839,,,,
mp-1001835,mp-135,mp-605839,,,,
mp-135,mp-23703,mp-49,,,,
mp-1153,mp-129,mp-135,,,,
mp-135,mp-2286,mp-568404,,,,
mp-135,mp-28,mp-757,,,,
mp-135,mp-2493,mp-28,,,,
mp-135,mp-2493,mp-8181,,,,
mp-135,mp-2251,mp-8181,,,,
mp-1129,mp-135,mp-279,,,,
mp-1129,mp-135,mp-861616,,,,
mp-1200708,mp-135,mp-67,,,,
mp-1200708,mp-135,mp-861616,,,,
mp-135,mp-1646,mp-26,,,,
mp-1197547,mp-135,mp-35,,,,
mp-123,mp-135,mp-1646,,,,
mp-135,mp-33,mp-862655,,,,
mp-135,mp-861666,mp-91,,,,
mp-135,mp-861666,mp-862655,,,,
mp-135,mp-2074,mp-600561,,,,
mp-1186901,mp-135,mp-567490,,,,
mp-103,mp-135,mp-861875,,,,
mp-1203605,mp-135,mp-861875,,,,
mp-1203605,mp-135,mp-1689,,,,
mp-135,mp-1689,mp-567490,,,,
mp-1183069,mp-135,mp-29720,,,,
mp-135,mp-1777,mp-279,,,,
mp-1184067,mp-135,mp-1646,,,,
mp-1197547,mp-135,mp-1646,,,,
mp-135,mp-23222,mp-600561,,,,
mp-135,mp-1358,mp-279,,,,
mp-1200226,mp-135,mp-1358,,,,
mp-1105615,mp-1184067,mp-135,,,,
mp-1200226,mp-135,mp-861915,,,,
mp-1105615,mp-135,mp-861915,,,,
mp-135,mp-279,mp-861956,,,,
mp-135,mp-861956,mp-867200,,,,
mp-135,mp-1761,mp-279,,,,
mp-135,mp-1529,mp-1761,,,,
mp-135,mp-145,mp-861964,,,,
mp-135,mp-1529,mp-861964,,,,
mp-135,mp-143,mp-7396,,,,
mp-135,mp-600561,mp-757,,,,
mp-135,mp-862714,mp-87,,,,
mp-135,mp-279,mp-862377,,,,
mp-135,mp-862377,mp-862714,,,,
mp-135,mp-2126,mp-279,,,,
mp-103,mp-1212499,mp-135,,,,
mp-1007786,mp-1212499,mp-135,,,,
mp-1007786,mp-135,mp-862610,,,,
mp-135,mp-2126,mp-862610,,,,
mp-1183069,mp-135,mp-29210,,,,
mp-135,mp-33,mp-862614,,,,
mp-135,mp-143,mp-862614,,,,
mp-1197547,mp-135,mp-862658,,,,
mp-1183069,mp-135,mp-1777,,,,
mp-135,mp-33,mp-568186,,,,
mp-112,mp-1207781,mp-135,,,,
mp-135,mp-568186,mp-862673,,,,
mp-1207781,mp-135,mp-862673,,,,
mp-135,mp-279,mp-862685,,,,
mp-1183069,mp-135,mp-862685,,,,
mp-135,mp-33,mp-862686,,,,
mp-1183069,mp-135,mp-862686,,,,
mp-135,mp-49,mp-570670,,,,
mp-112,mp-1188757,mp-135,,,,
mp-135,mp-570670,mp-862719,,,,
mp-1188757,mp-135,mp-862719,,,,
mp-135,mp-7396,mp-862746,,,,
mp-1195042,mp-135,mp-862746,,,,
mp-135,mp-67,mp-864772,,,,
mp-135,mp-567395,mp-864772,,,,
mp-135,mp-862842,mp-867200,,,,
mp-135,mp-862842,mp-867227,,,,
mp-135,mp-1646,mp-867200,,,,
mp-135,mp-862930,mp-867200,,,,
mp-135,mp-510430,mp-862930,,,,
mp-135,mp-574275,mp-867200,,,,
mp-135,mp-863673,mp-867200,,,,
mp-135,mp-600561,mp-863673,,,,
mp-135,mp-33,mp-863675,,,,
mp-135,mp-863675,mp-867200,,,,
mp-135,mp-29720,mp-863697,,,,
mp-135,mp-863697,mp-867200,,,,
mp-135,mp-976408,mp-981935,,,,
mp-135,mp-600561,mp-864601,,,,
mp-135,mp-864601,mp-981935,,,,
mp-135,mp-600561,mp-864631,,,,
mp-135,mp-1545,mp-75,,,,
mp-135,mp-1545,mp-864631,,,,
mp-1183069,mp-135,mp-2530,,,,
mp-135,mp-1584,mp-279,,,,
mp-135,mp-162,mp-864759,,,,
mp-135,mp-1584,mp-864759,,,,
mp-135,mp-2235,mp-600561,,,,
mp-135,mp-2235,mp-567089,,,,
mp-135,mp-162,mp-864763,,,,
mp-135,mp-567089,mp-864763,,,,
mp-11698,mp-135,mp-1646,,,,
mp-135,mp-544,mp-72,,,,
mp-1235,mp-135,mp-544,,,,
mp-1235,mp-135,mp-864930,,,,
mp-135,mp-279,mp-864930,,,,
mp-1197547,mp-135,mp-29720,,,,
mp-135,mp-33,mp-865029,,,,
mp-10740,mp-135,mp-865029,,,,
mp-10740,mp-135,mp-867227,,,,
mp-1190862,mp-135,mp-67,,,,
mp-1190862,mp-135,mp-2781,,,,
mp-1197547,mp-135,mp-2781,,,,
mp-1184067,mp-135,mp-865580,,,,
mp-135,mp-510430,mp-865580,,,,
mp-135,mp-144,mp-865622,,,,
mp-135,mp-510430,mp-865622,,,,
mp-135,mp-7396,mp-976408,,,,
mp-135,mp-23222,mp-7396,,,,
mp-135,mp-33,mp-567750,,,,
mp-135,mp-30867,mp-567750,,,,
mp-1209947,mp-135,mp-67,,,,
mp-1194143,mp-1209947,mp-135,,,,
mp-135,mp-30867,mp-865795,,,,
mp-1194143,mp-135,mp-865795,,,,
mp-135,mp-1646,mp-69,,,,
mp-135,mp-1646,mp-976408,,,,
mp-135,mp-567395,mp-976408,,,,
mp-1095545,mp-113,mp-135,,,,
mp-131,mp-135,mp-865893,,,,
mp-1095545,mp-135,mp-865893,,,,
mp-1183069,mp-135,mp-510430,,,,
mp-1183069,mp-135,mp-573471,,,,
mp-135,mp-1438,mp-279,,,,
mp-135,mp-30749,mp-568992,,,,
mp-135,mp-568992,mp-865925,,,,
mp-135,mp-1438,mp-865925,,,,
mp-131,mp-135,mp-30748,,,,
mp-135,mp-30748,mp-30749,,,,
mp-135,mp-33,mp-865959,,,,
mp-135,mp-144,mp-865959,,,,
mp-1197547,mp-135,mp-976408,,,,
mp-135,mp-33,mp-646926,,,,
mp-135,mp-155,mp-866058,,,,
mp-135,mp-646926,mp-866058,,,,
mp-135,mp-162,mp-866192,,,,
mp-135,mp-573471,mp-866192,,,,
mp-135,mp-26,mp-866193,,,,
mp-135,mp-510430,mp-866193,,,,
mp-1059256,mp-135,mp-866196,,,,
mp-135,mp-510430,mp-866196,,,,
mp-135,mp-1646,mp-866669,,,,
mp-1195042,mp-135,mp-866669,,,,
mp-135,mp-33,mp-867111,,,,
mp-135,mp-30622,mp-867111,,,,
mp-1105841,mp-1184067,mp-135,,,,
mp-1105841,mp-135,mp-30622,,,,
mp-103,mp-1190626,mp-135,,,,
mp-135,mp-600561,mp-867148,,,,
mp-11457,mp-1190626,mp-135,,,,
mp-11457,mp-135,mp-867148,,,,
mp-135,mp-567395,mp-975904,,,,
mp-135,mp-570466,mp-867167,,,,
mp-135,mp-7396,mp-867167,,,,
mp-135,mp-573471,mp-867171,,,,
mp-1195042,mp-135,mp-867171,,,,
mp-135,mp-279,mp-30743,,,,
mp-11483,mp-135,mp-30743,,,,
mp-135,mp-143,mp-867220,,,,
mp-11483,mp-135,mp-867220,,,,
mp-1197547,mp-135,mp-1934,,,,
mp-135,mp-49,mp-867265,,,,
mp-135,mp-143,mp-867265,,,,
mp-135,mp-28,mp-7396,,,,
mp-1102508,mp-135,mp-49,,,,
mp-1184067,mp-1189887,mp-135,,,,
mp-1102508,mp-135,mp-867776,,,,
mp-1189887,mp-135,mp-867776,,,,
mp-135,mp-570466,mp-975904,,,,
mp-135,mp-146,mp-1578,,,,
mp-135,mp-1578,mp-867829,,,,
mp-135,mp-600561,mp-867829,,,,
mp-1007691,mp-103,mp-135,,,,
mp-1007691,mp-135,mp-867227,,,,
mp-135,mp-600561,mp-867902,,,,
mp-135,mp-29720,mp-867902,,,,
mp-1101816,mp-135,mp-145,,,,
mp-1101816,mp-135,mp-567395,,,,
mp-135,mp-279,mp-928,,,,
mp-11476,mp-135,mp-928,,,,
mp-11476,mp-1197997,mp-135,,,,
mp-135,mp-144,mp-867913,,,,
mp-1197997,mp-135,mp-867913,,,,
mp-135,mp-146,mp-2006,,,,
mp-135,mp-2006,mp-867927,,,,
mp-135,mp-279,mp-867927,,,,
mp-135,mp-1777,mp-976408,,,,
mp-11698,mp-135,mp-7396,,,,
mp-135,mp-1934,mp-983444,,,,
mp-135,mp-867200,mp-983444,,,,
mp-135,mp-984635,mp-99,,,,
mp-135,mp-573471,mp-984635,,,,
mp-135,mp-162,mp-865934,mp-969,,,
mp-1138,mp-135,mp-568404,mp-865934,,,
mp-135,mp-568404,mp-865934,mp-969,,,
mp-135,mp-23222,mp-69,,,,
mp-135,mp-2154,mp-28,mp-2801,,,
mp-135,mp-21708,mp-736,mp-862658,,,
mp-135,mp-21708,mp-2801,mp-736,,,
mp-135,mp-2154,mp-2801,mp-736,,,
mp-1080443,mp-112,mp-135,mp-994,,,
mp-1080443,mp-135,mp-2698,mp-994,,,
mp-135,mp-2797,mp-736,mp-862658,,,
mp-135,mp-2698,mp-2797,mp-736,,,
mp-135,mp-2698,mp-736,mp-994,,,
mp-135,mp-1960,mp-2251,mp-736,,,
mp-1001835,mp-1153,mp-135,mp-1960,,,
mp-135,mp-162,mp-1937,mp-736,,,
mp-135,mp-1607,mp-736,mp-862658,,,
mp-135,mp-1607,mp-567538,mp-736,,,
mp-135,mp-1937,mp-567538,mp-736,,,
mp-1215377,mp-131,mp-135,mp-22447,,,
mp-1215377,mp-135,mp-1960,mp-22447,,,
mp-135,mp-1960,mp-22447,mp-583740,,,
mp-135,mp-1960,mp-583740,mp-736,,,
mp-1186901,mp-122,mp-135,mp-3838,,,
mp-122,mp-135,mp-2251,mp-3838,,,
mp-1057315,mp-1097959,mp-135,mp-20874,,,
mp-1057315,mp-1097959,mp-1212961,mp-135,,,
mp-1097959,mp-135,mp-20874,mp-5001,,,
mp-1001835,mp-135,mp-20874,mp-5001,,,
mp-1097959,mp-1212961,mp-135,mp-5001,,,
mp-1212961,mp-135,mp-2251,mp-5001,,,
mp-1104693,mp-135,mp-23703,mp-570466,,,
mp-1021323,mp-1104693,mp-135,mp-23703,,,
mp-1021323,mp-1104693,mp-135,mp-570466,,,
mp-1153,mp-135,mp-35,mp-573471,,,
mp-1153,mp-135,mp-1960,mp-567395,,,
mp-135,mp-28,mp-570175,,,,
mp-1210884,mp-135,mp-570175,,,,
mp-1210884,mp-135,mp-29720,,,,
mp-1138,mp-1184905,mp-135,mp-67,,,
mp-1184905,mp-135,mp-145,mp-23193,,,
mp-1185319,mp-135,mp-145,mp-23193,,,
mp-1138,mp-1184905,mp-135,mp-7396,,,
mp-1138,mp-1184905,mp-135,mp-510430,,,
mp-1138,mp-1184905,mp-135,mp-33,,,
mp-1138,mp-1184905,mp-135,mp-90,,,
mp-1138,mp-1184905,mp-135,mp-757,,,
mp-1184905,mp-135,mp-23193,mp-67,,,
mp-1185319,mp-135,mp-23193,mp-67,,,
mp-1184151,mp-135,mp-155,mp-573697,,,
mp-1185319,mp-1188344,mp-135,mp-155,,,
mp-1188344,mp-135,mp-155,mp-573697,,,
mp-112,mp-1184151,mp-135,mp-614603,,,
mp-112,mp-135,mp-570935,mp-614603,,,
mp-1184151,mp-135,mp-573697,mp-69,,,
mp-1185319,mp-1188344,mp-135,mp-69,,,
mp-1188344,mp-135,mp-573697,mp-69,,,
mp-1138,mp-1184151,mp-135,mp-510430,,,
mp-1184067,mp-1184151,mp-135,mp-573697,,,
mp-1184067,mp-1185319,mp-1188344,mp-135,,,
mp-1184067,mp-1188344,mp-135,mp-573697,,,
mp-1153,mp-135,mp-1934,mp-736,,,
mp-135,mp-1960,mp-29720,mp-981935,,,
mp-135,mp-1960,mp-35,mp-90,,,
mp-1184151,mp-135,mp-1960,mp-91,,,
mp-135,mp-573471,mp-864614,mp-867227,,,
mp-135,mp-573471,mp-864614,mp-981935,,,
mp-1183069,mp-135,mp-1646,,,,
mp-135,mp-29720,mp-867227,,,,
mp-1153,mp-135,mp-568404,mp-736,,,
mp-1153,mp-135,mp-573471,mp-975904,,,
mp-1153,mp-135,mp-1777,mp-975904,,,
mp-1184151,mp-135,mp-573697,mp-67,,,
mp-1185319,mp-1188344,mp-135,mp-67,,,
mp-1188344,mp-135,mp-573697,mp-67,,,
mp-1184,mp-135,mp-26,mp-567290,,,
mp-135,mp-2251,mp-567290,mp-9610,,,
mp-1184,mp-135,mp-2367,mp-567290,,,
mp-1021323,mp-135,mp-2367,mp-567290,,,
mp-1021323,mp-135,mp-567290,mp-9610,,,
mp-135,mp-1960,mp-2074,mp-7756,,,
mp-1195042,mp-135,mp-1960,mp-7756,,,
mp-135,mp-1960,mp-510430,mp-91,,,
mp-135,mp-1960,mp-279,mp-995,,,
mp-1057315,mp-135,mp-21394,mp-623108,,,
mp-135,mp-1960,mp-21394,mp-623108,,,
mp-135,mp-1960,mp-623108,mp-995,,,
mp-1199558,mp-135,mp-1960,mp-279,,,
mp-1199558,mp-135,mp-1960,mp-218,,,
mp-1104500,mp-1199558,mp-135,mp-218,,,
mp-135,mp-218,mp-69,mp-7342,,,
mp-1104500,mp-135,mp-218,mp-7342,,,
mp-1195042,mp-135,mp-1960,mp-75,,,
mp-1195042,mp-135,mp-1960,mp-50,,,
mp-135,mp-1960,mp-279,mp-890,,,
mp-1045,mp-135,mp-1960,mp-30522,,,
mp-135,mp-1960,mp-30522,mp-890,,,
mp-1045,mp-1104605,mp-135,mp-30522,,,
mp-1045,mp-1189686,mp-123,mp-135,,,
mp-1045,mp-1104605,mp-1189686,mp-135,,,
mp-135,mp-1960,mp-279,mp-946,,,
mp-1205021,mp-135,mp-1960,mp-946,,,
mp-1104160,mp-135,mp-16705,mp-1960,,,
mp-1104160,mp-1205021,mp-135,mp-1960,,,
mp-1059256,mp-1106395,mp-135,mp-16705,,,
mp-1104160,mp-1106395,mp-135,mp-16705,,,
mp-135,mp-1427,mp-145,mp-91,,,
mp-135,mp-1960,mp-754605,mp-91,,,
mp-135,mp-1427,mp-754605,mp-91,,,
mp-112,mp-135,mp-2652,mp-91,,,
mp-135,mp-1960,mp-7020,mp-91,,,
mp-135,mp-2652,mp-7020,mp-91,,,
mp-135,mp-144,mp-812,mp-91,,,
mp-12645,mp-135,mp-1960,mp-91,,,
mp-12645,mp-135,mp-812,mp-91,,,
mp-135,mp-2605,mp-49,mp-570466,,,
mp-135,mp-1960,mp-2605,mp-49,,,
mp-1184067,mp-135,mp-2345,mp-91,,,
mp-135,mp-1960,mp-91,mp-976726,,,
mp-135,mp-2345,mp-91,mp-976726,,,
mp-1101989,mp-135,mp-23703,mp-757,,,
mp-1101989,mp-1195042,mp-135,mp-23703,,,
mp-122,mp-135,mp-736,mp-975904,,,
mp-1153,mp-135,mp-1960,mp-35,,,
mp-1138,mp-135,mp-568404,mp-981935,,,
mp-135,mp-23703,mp-568404,mp-981935,,,
mp-1138,mp-135,mp-316,mp-35,,,
mp-1138,mp-135,mp-146,mp-864984,,,
mp-1138,mp-135,mp-316,mp-864984,,,
mp-135,mp-2605,mp-50,mp-570466,,,
mp-135,mp-1960,mp-2605,mp-50,,,
mp-135,mp-37,mp-643,mp-757,,,
mp-135,mp-1960,mp-643,mp-757,,,
mp-1001835,mp-135,mp-1960,mp-2286,,,
mp-1184905,mp-135,mp-2251,mp-30228,,,
mp-1184905,mp-135,mp-23703,mp-30228,,,
mp-135,mp-1960,mp-2286,mp-29210,,,
mp-135,mp-1463,mp-1960,mp-279,,,
mp-1104396,mp-1199235,mp-135,mp-2292,,,
mp-1104303,mp-135,mp-1960,mp-2292,,,
mp-1104303,mp-1199235,mp-135,mp-2292,,,
mp-1104303,mp-135,mp-1463,mp-1960,,,
mp-1188506,mp-135,mp-2292,mp-26,,,
mp-1104396,mp-1188506,mp-135,mp-2292,,,
mp-135,mp-1777,mp-23703,mp-304,,,
mp-1202682,mp-135,mp-304,mp-570466,,,
mp-1202682,mp-135,mp-23703,mp-570466,,,
mp-1202682,mp-135,mp-23703,mp-304,,,
mp-1200894,mp-1215377,mp-131,mp-135,,,
mp-1200894,mp-1215377,mp-135,mp-1960,,,
mp-1200894,mp-135,mp-1960,mp-757,,,
mp-1185319,mp-135,mp-67,mp-7396,,,
mp-1186899,mp-135,mp-146,mp-23295,,,
mp-1185319,mp-135,mp-146,mp-23295,,,
mp-1138,mp-1184151,mp-135,mp-90,,,
mp-135,mp-1960,mp-23260,mp-570935,,,
mp-122,mp-135,mp-1960,mp-29909,,,
mp-122,mp-135,mp-23260,mp-29909,,,
mp-135,mp-1960,mp-23260,mp-29909,,,
mp-1138,mp-135,mp-29210,mp-981,,,
mp-1195042,mp-135,mp-29210,mp-981,,,
mp-1138,mp-135,mp-146,mp-981,,,
mp-1195042,mp-135,mp-146,mp-981,,,
mp-1138,mp-135,mp-90,mp-981,,,
mp-1195042,mp-135,mp-90,mp-981,,,
mp-1186899,mp-135,mp-1960,mp-29210,,,
mp-1138,mp-1186055,mp-135,mp-99,,,
mp-1138,mp-1186055,mp-135,mp-72,,,
mp-135,mp-1777,mp-1960,mp-35,,,
mp-135,mp-1777,mp-1960,mp-981935,,,
mp-1153,mp-135,mp-1777,mp-1934,,,
mp-1138,mp-135,mp-146,mp-975904,,,
mp-135,mp-155,mp-504886,mp-91,,,
mp-135,mp-1960,mp-21332,mp-91,,,
mp-135,mp-21332,mp-504886,mp-91,,,
mp-1056,mp-11698,mp-1189033,mp-135,,,
mp-1056,mp-1101970,mp-1189033,mp-135,,,
mp-1101970,mp-135,mp-1960,mp-33,,,
mp-1056,mp-1101970,mp-135,mp-7137,,,
mp-1101970,mp-135,mp-1960,mp-7137,,,
mp-1021323,mp-135,mp-23703,mp-9610,,,
mp-135,mp-2251,mp-30228,mp-9610,,,
mp-135,mp-23703,mp-30228,mp-9610,,,
mp-135,mp-1960,mp-2530,mp-35,,,
mp-135,mp-143,mp-1767,mp-91,,,
mp-135,mp-1960,mp-754237,mp-91,,,
mp-135,mp-1767,mp-754237,mp-91,,,
mp-135,mp-218,mp-69,mp-91,,,
mp-135,mp-1960,mp-218,mp-91,,,
mp-1056,mp-11698,mp-135,mp-91,,,
mp-135,mp-1960,mp-7137,mp-91,,,
mp-1056,mp-135,mp-7137,mp-91,,,
mp-1056,mp-11698,mp-135,mp-965,,,
mp-1056,mp-135,mp-568225,mp-965,,,
mp-1001835,mp-135,mp-1960,mp-568225,,,
mp-1056,mp-135,mp-568225,mp-7137,,,
mp-135,mp-1960,mp-568225,mp-7137,,,
mp-1138,mp-135,mp-90,mp-975904,,,
mp-135,mp-155,mp-504886,mp-510402,,,
mp-135,mp-4805,mp-504886,mp-510402,,,
mp-1153,mp-135,mp-4805,mp-510402,,,
mp-1153,mp-135,mp-4805,mp-504886,,,
mp-1153,mp-135,mp-1960,mp-21332,,,
mp-1153,mp-135,mp-21332,mp-504886,,,
mp-135,mp-5840,mp-67,mp-91,,,
mp-135,mp-1960,mp-5840,mp-91,,,
mp-1045,mp-123,mp-135,mp-91,,,
mp-1045,mp-135,mp-1960,mp-91,,,
mp-1153,mp-135,mp-29210,mp-90,,,
mp-1153,mp-135,mp-510430,mp-90,,,
mp-1045,mp-123,mp-135,mp-2599,,,
mp-1045,mp-135,mp-1960,mp-2599,,,
mp-135,mp-1960,mp-2251,mp-2599,,,
mp-1216,mp-135,mp-162,mp-1779,,,
mp-1216,mp-135,mp-1779,mp-2530,,,
mp-1216,mp-135,mp-1960,mp-2530,,,
mp-1184067,mp-135,mp-2057,mp-2345,,,
mp-135,mp-2057,mp-2345,mp-2719,,,
mp-135,mp-2345,mp-2719,mp-976726,,,
mp-135,mp-1960,mp-2719,mp-976726,,,
mp-1001835,mp-135,mp-1960,mp-2719,,,
mp-135,mp-143,mp-1767,mp-2530,,,
mp-135,mp-1767,mp-2530,mp-754237,,,
mp-135,mp-1960,mp-2530,mp-754237,,,
mp-135,mp-218,mp-69,mp-749,,,
mp-135,mp-1960,mp-218,mp-749,,,
mp-135,mp-1960,mp-2251,mp-749,,,
mp-135,mp-143,mp-1767,mp-800,,,
mp-135,mp-1767,mp-754237,mp-800,,,
mp-135,mp-1960,mp-568143,mp-800,,,
mp-135,mp-1960,mp-754237,mp-800,,,
mp-1001835,mp-135,mp-1960,mp-568143,,,
mp-1059256,mp-135,mp-16032,mp-2530,,,
mp-1059256,mp-135,mp-16032,mp-16705,,,
mp-135,mp-16032,mp-1960,mp-2530,,,
mp-135,mp-16032,mp-16705,mp-1960,,,
mp-135,mp-1774,mp-679,mp-99,,,
mp-10970,mp-135,mp-1774,mp-2847,,,
mp-10970,mp-135,mp-1774,mp-679,,,
mp-10970,mp-135,mp-1960,mp-2847,,,
mp-1001835,mp-135,mp-1960,mp-2847,,,
mp-1059256,mp-135,mp-16705,mp-16713,,,
mp-12569,mp-135,mp-16705,mp-16713,,,
mp-12569,mp-135,mp-16705,mp-1960,,,
mp-1001835,mp-12569,mp-135,mp-1960,,,
mp-135,mp-218,mp-570421,mp-69,,,
mp-135,mp-218,mp-570421,mp-8546,,,
mp-135,mp-1960,mp-218,mp-8546,,,
mp-1001835,mp-135,mp-1960,mp-8546,,,
mp-135,mp-144,mp-2530,mp-812,,,
mp-12645,mp-135,mp-2530,mp-812,,,
mp-12645,mp-135,mp-1960,mp-2530,,,
mp-1057315,mp-135,mp-21394,mp-33,,,
mp-135,mp-1960,mp-21394,mp-33,,,
mp-135,mp-1427,mp-145,mp-2530,,,
mp-135,mp-1427,mp-2530,mp-754605,,,
mp-135,mp-1960,mp-2530,mp-754605,,,
mp-1184067,mp-135,mp-1410,mp-2345,,,
mp-135,mp-1410,mp-1960,mp-2251,,,
mp-135,mp-1410,mp-2345,mp-976726,,,
mp-135,mp-1410,mp-1960,mp-976726,,,
mp-1184905,mp-135,mp-1960,mp-91,,,
mp-135,mp-143,mp-1767,mp-1975,,,
mp-135,mp-1960,mp-1975,mp-2251,,,
mp-135,mp-1767,mp-1975,mp-754237,,,
mp-135,mp-1960,mp-1975,mp-754237,,,
mp-1056,mp-11698,mp-135,mp-2117,,,
mp-135,mp-1960,mp-2117,mp-2251,,,
mp-1056,mp-135,mp-2117,mp-7137,,,
mp-135,mp-1960,mp-2117,mp-7137,,,
mp-112,mp-135,mp-2114,mp-2652,,,
mp-135,mp-2114,mp-2652,mp-7020,,,
mp-135,mp-1960,mp-2114,mp-7020,,,
mp-1029592,mp-135,mp-1960,mp-2251,,,
mp-1029592,mp-135,mp-1960,mp-2114,,,
mp-1216,mp-135,mp-162,mp-864675,,,
mp-1216,mp-135,mp-2251,mp-864675,,,
mp-1216,mp-135,mp-1960,mp-2251,,,
mp-135,mp-155,mp-504886,mp-940,,,
mp-135,mp-1960,mp-2251,mp-940,,,
mp-135,mp-21332,mp-504886,mp-940,,,
mp-135,mp-1960,mp-21332,mp-940,,,
mp-1057315,mp-135,mp-20874,mp-21394,,,
mp-135,mp-1960,mp-20874,mp-21394,,,
mp-1001835,mp-135,mp-1960,mp-20874,,,
mp-135,mp-1960,mp-23222,mp-29621,,,
mp-122,mp-135,mp-1960,mp-29621,,,
mp-135,mp-144,mp-2267,mp-812,,,
mp-135,mp-2267,mp-569281,mp-812,,,
mp-1001835,mp-135,mp-1960,mp-569281,,,
mp-12645,mp-135,mp-569281,mp-812,,,
mp-12645,mp-135,mp-1960,mp-569281,,,
mp-135,mp-1960,mp-736,mp-862658,,,
mp-1195042,mp-135,mp-2572,mp-29720,,,
mp-135,mp-2572,mp-29720,mp-981935,,,
mp-1153,mp-1186899,mp-135,mp-1934,,,
mp-1153,mp-1186055,mp-135,mp-975904,,,
mp-1138,mp-135,mp-54,mp-981935,,,
mp-1138,mp-135,mp-600561,mp-865912,,,
mp-1138,mp-135,mp-1934,mp-865912,,,
mp-13322,mp-135,mp-1777,mp-1960,,,
mp-13322,mp-135,mp-1960,mp-600561,,,
mp-135,mp-1960,mp-35,mp-600561,,,
mp-1021323,mp-135,mp-736,mp-9244,,,
mp-1001835,mp-135,mp-736,mp-9244,,,
mp-135,mp-1960,mp-2530,mp-54,,,
mp-135,mp-146,mp-1934,mp-1960,,,
mp-1138,mp-131,mp-135,mp-7396,,,
mp-135,mp-1934,mp-736,mp-975904,,,
mp-135,mp-1777,mp-1960,mp-2530,,,
mp-1153,mp-135,mp-2823,mp-736,,,
mp-123,mp-135,mp-1748,mp-2823,,,
mp-1153,mp-135,mp-1748,mp-2823,,,
mp-135,mp-1960,mp-44,mp-757,,,
mp-1153,mp-1184151,mp-135,mp-1934,,,
mp-1153,mp-1184151,mp-135,mp-35,,,
mp-10485,mp-135,mp-2074,mp-29210,,,
mp-10485,mp-122,mp-135,mp-29210,,,
mp-1000,mp-122,mp-135,mp-1960,,,
mp-1000,mp-135,mp-1960,mp-2530,,,
mp-122,mp-135,mp-1960,mp-44,,,
mp-135,mp-1960,mp-2292,mp-49,,,
mp-1102043,mp-135,mp-2292,mp-49,,,
mp-1102043,mp-135,mp-2292,mp-867813,,,
mp-135,mp-2292,mp-26,mp-867813,,,
mp-1138,mp-135,mp-29210,mp-867805,,,
mp-1138,mp-135,mp-570466,mp-867805,,,
mp-135,mp-554098,mp-568151,mp-72,,,
mp-135,mp-1960,mp-554098,mp-568151,,,
mp-135,mp-1777,mp-1960,mp-568151,,,
mp-1138,mp-1184151,mp-135,mp-568404,,,
mp-1138,mp-1186055,mp-135,mp-67,,,
mp-1138,mp-1186055,mp-135,mp-90,,,
mp-1153,mp-135,mp-1960,mp-981935,,,
mp-112,mp-135,mp-1542,mp-2652,,,
mp-135,mp-1542,mp-2652,mp-637,,,
mp-1001835,mp-135,mp-1960,mp-637,,,
mp-135,mp-2652,mp-637,mp-7020,,,
mp-135,mp-1960,mp-637,mp-7020,,,
mp-1079438,mp-135,mp-1960,mp-50,,,
mp-135,mp-14871,mp-1960,mp-2251,,,
mp-135,mp-14753,mp-14871,mp-2251,,,
mp-1079438,mp-135,mp-14753,mp-14871,,,
mp-1079438,mp-135,mp-14871,mp-1960,,,
mp-1189863,mp-135,mp-143,mp-1767,,,
mp-1066975,mp-1189863,mp-135,mp-1767,,,
mp-135,mp-1960,mp-29720,mp-754237,,,
mp-135,mp-1767,mp-29720,mp-754237,,,
mp-1066975,mp-135,mp-1767,mp-29720,,,
mp-1189298,mp-1216,mp-135,mp-162,,,
mp-1216,mp-135,mp-1960,mp-419,,,
mp-1189298,mp-1216,mp-135,mp-419,,,
mp-1001835,mp-135,mp-1960,mp-419,,,
mp-122,mp-135,mp-1960,mp-50,,,
mp-135,mp-1473,mp-1960,mp-91,,,
mp-13,mp-135,mp-1473,mp-1960,,,
mp-135,mp-1934,mp-1960,mp-29720,,,
mp-135,mp-1777,mp-1960,mp-29210,,,
mp-1184905,mp-135,mp-1960,mp-29210,,,
mp-135,mp-1777,mp-1960,mp-510430,,,
mp-1184905,mp-135,mp-1777,mp-1960,,,
mp-1138,mp-1184151,mp-135,mp-87,,,
mp-1045,mp-123,mp-135,mp-2823,,,
mp-1045,mp-135,mp-1960,mp-2823,,,
mp-135,mp-1960,mp-2823,mp-736,,,
mp-135,mp-1960,mp-2567,mp-568671,,,
mp-135,mp-146,mp-1960,mp-2567,,,
mp-135,mp-1960,mp-29720,mp-568671,,,
mp-1059256,mp-135,mp-16705,mp-91,,,
mp-135,mp-16705,mp-1960,mp-91,,,
mp-1186899,mp-135,mp-146,mp-1960,,,
mp-129,mp-135,mp-2292,mp-26,,,
mp-129,mp-135,mp-1960,mp-2292,,,
mp-1153,mp-135,mp-1777,mp-574275,,,
mp-135,mp-1777,mp-1960,mp-90,,,
mp-1001835,mp-1185319,mp-135,mp-1960,,,
mp-122,mp-135,mp-23818,,,,
mp-135,mp-23703,mp-23818,,,,
mp-1138,mp-135,mp-44,,,,
mp-135,mp-1960,mp-2074,mp-736,,,
mp-1138,mp-135,mp-29210,mp-35,,,
mp-1186899,mp-135,mp-1960,mp-574275,,,
mp-1186055,mp-135,mp-2251,mp-30228,,,
mp-1186055,mp-135,mp-23703,mp-30228,,,
mp-1184905,mp-135,mp-510430,mp-757,,,
mp-1153,mp-1184151,mp-135,mp-146,,,
mp-1186055,mp-135,mp-1960,mp-29210,,,
mp-1057315,mp-135,mp-541365,,,,
mp-135,mp-23703,mp-541365,,,,
mp-13,mp-135,mp-1960,mp-757,,,
mp-122,mp-135,mp-1960,mp-33,,,
mp-122,mp-135,mp-1960,mp-49,,,
mp-135,mp-1960,mp-5840,mp-757,,,
mp-135,mp-505002,mp-5840,mp-757,,,
mp-135,mp-505002,mp-5840,mp-67,,,
mp-1186055,mp-135,mp-1960,mp-35,,,
mp-122,mp-135,mp-1500,mp-954,,,
mp-1153,mp-135,mp-1500,mp-954,,,
mp-1001835,mp-1153,mp-135,mp-954,,,
mp-1138,mp-135,mp-54,mp-981,,,
mp-1195042,mp-135,mp-54,mp-981,,,
mp-122,mp-135,mp-1960,mp-279,,,
mp-135,mp-1960,mp-573471,mp-736,,,
mp-135,mp-1934,mp-1960,mp-573471,,,
mp-1059256,mp-135,mp-16705,mp-343,,,
mp-135,mp-16705,mp-1960,mp-343,,,
mp-135,mp-1960,mp-2251,mp-343,,,
mp-1153,mp-1186899,mp-135,mp-50,,,
mp-1186899,mp-129,mp-135,mp-1960,,,
mp-1138,mp-135,mp-570466,mp-90,,,
mp-1184905,mp-135,mp-1960,mp-75,,,
mp-135,mp-1960,mp-29720,mp-975904,,,
mp-1186055,mp-135,mp-1960,mp-91,,,
mp-135,mp-1960,mp-2605,mp-865,,,
mp-1213975,mp-135,mp-2605,mp-570466,,,
mp-1213975,mp-135,mp-2605,mp-865,,,
mp-1001835,mp-135,mp-1960,mp-865,,,
mp-1138,mp-1184905,mp-123,mp-135,,,
mp-122,mp-135,mp-1960,mp-91,,,
mp-122,mp-135,mp-554098,mp-72,,,
mp-122,mp-135,mp-1960,mp-554098,,,
mp-1087,mp-1153,mp-135,mp-242,,,
mp-1087,mp-1195042,mp-135,mp-242,,,
mp-1001835,mp-1153,mp-135,mp-242,,,
mp-122,mp-135,mp-1960,mp-29720,,,
mp-1184905,mp-135,mp-1960,mp-22898,,,
mp-135,mp-1960,mp-22898,mp-570935,,,
mp-13,mp-135,mp-1960,mp-2286,,,
mp-135,mp-554098,mp-574275,mp-72,,,
mp-135,mp-1960,mp-554098,mp-574275,,,
mp-1153,mp-1186899,mp-135,mp-146,,,
mp-129,mp-135,mp-1960,mp-570935,,,
mp-135,mp-1960,mp-23222,mp-75,,,
mp-1184905,mp-135,mp-1960,mp-574275,,,
mp-135,mp-19830,mp-679,mp-99,,,
mp-135,mp-1960,mp-19830,mp-2251,,,
mp-10970,mp-135,mp-19830,mp-679,,,
mp-10970,mp-135,mp-1960,mp-19830,,,
mp-1001835,mp-1153,mp-1184151,mp-135,,,
mp-1138,mp-13,mp-135,mp-981,,,
mp-1195042,mp-13,mp-135,mp-981,,,
mp-135,mp-16705,mp-1960,mp-3236,,,
mp-1153,mp-135,mp-1960,mp-3236,,,
mp-1153,mp-135,mp-2495,mp-3236,,,
mp-1059256,mp-135,mp-2495,mp-3236,,,
mp-1059256,mp-135,mp-16705,mp-3236,,,
mp-1153,mp-135,mp-2074,mp-570935,,,
mp-135,mp-146,mp-1960,mp-2530,,,
mp-135,mp-146,mp-1960,mp-981935,,,
mp-135,mp-1960,mp-1989,mp-568646,,,
mp-135,mp-1960,mp-50,mp-568646,,,
mp-135,mp-1960,mp-1989,mp-29720,,,
mp-1138,mp-1186899,mp-135,mp-87,,,
mp-1197547,mp-135,mp-1960,mp-23222,,,
mp-1103395,mp-135,mp-2292,mp-26,,,
mp-135,mp-1960,mp-2292,mp-567395,,,
mp-1103395,mp-135,mp-2292,mp-567395,,,
mp-135,mp-2292,mp-2384,mp-26,,,
mp-135,mp-2292,mp-2384,mp-8407,,,
mp-135,mp-1960,mp-2292,mp-8407,,,
mp-135,mp-1960,mp-736,mp-8407,,,
mp-1138,mp-122,mp-135,mp-90,,,
mp-1138,mp-135,mp-1960,mp-50,,,
mp-1186055,mp-135,mp-1777,mp-1960,,,
mp-1184905,mp-135,mp-1960,mp-279,,,
mp-1184151,mp-135,mp-1960,mp-90,,,
mp-135,mp-1960,mp-2286,mp-54,,,
mp-1195042,mp-1245,mp-135,mp-2576,,,
mp-1245,mp-135,mp-1777,mp-2576,,,
mp-135,mp-15845,mp-1777,mp-2251,,,
mp-1245,mp-135,mp-15845,mp-1777,,,
mp-1184067,mp-1186899,mp-135,mp-22867,,,
mp-1184067,mp-135,mp-22867,mp-976280,,,
mp-112,mp-1184151,mp-135,mp-573697,,,
mp-112,mp-1185319,mp-1188344,mp-135,,,
mp-112,mp-1188344,mp-135,mp-573697,,,
mp-135,mp-15845,mp-2251,mp-568322,,,
mp-135,mp-2251,mp-23,mp-568322,,,
mp-1245,mp-135,mp-15845,mp-568322,,,
mp-1195042,mp-1245,mp-135,mp-568322,,,
mp-1195042,mp-135,mp-23,mp-568322,,,
mp-135,mp-2686,mp-35,mp-570466,,,
mp-135,mp-14763,mp-2686,mp-35,,,
mp-135,mp-14763,mp-2686,mp-31468,,,
mp-135,mp-14763,mp-31468,mp-5515,,,
mp-135,mp-14763,mp-35,mp-5515,,,
mp-135,mp-2251,mp-31468,mp-5515,,,
mp-122,mp-135,mp-1777,mp-981935,,,
mp-135,mp-23222,mp-981935,,,,
mp-1184151,mp-135,mp-145,mp-573697,,,
mp-1185319,mp-1188344,mp-135,mp-145,,,
mp-1188344,mp-135,mp-145,mp-573697,,,
mp-135,mp-35,mp-5515,mp-9325,,,
mp-1195042,mp-135,mp-35,mp-9325,,,
mp-1245,mp-135,mp-5515,mp-9325,,,
mp-1195042,mp-1245,mp-135,mp-9325,,,
mp-1245,mp-135,mp-15845,mp-5515,,,
mp-135,mp-15845,mp-2251,mp-5515,,,
mp-135,mp-2251,mp-29210,mp-31468,,,
mp-135,mp-2686,mp-29210,mp-31468,,,
mp-135,mp-2686,mp-570466,mp-867805,,,
mp-135,mp-2686,mp-29210,mp-867805,,,
mp-1184151,mp-135,mp-510430,mp-573697,,,
mp-1185319,mp-1188344,mp-135,mp-510430,,,
mp-1188344,mp-135,mp-510430,mp-573697,,,
mp-1153,mp-1184151,mp-135,mp-75,,,
mp-122,mp-129,mp-135,mp-8804,,,
mp-122,mp-135,mp-2251,mp-8804,,,
mp-1195042,mp-135,mp-1960,mp-279,,,
mp-1138,mp-135,mp-568404,mp-570466,,,
mp-1138,mp-1186055,mp-135,mp-146,,,
mp-135,mp-5840,mp-67,mp-7822,,,
mp-135,mp-1960,mp-29720,mp-5840,,,
mp-135,mp-29720,mp-5840,mp-7822,,,
mp-135,mp-155,mp-504886,mp-510401,,,
mp-135,mp-1960,mp-21332,mp-736,,,
mp-135,mp-21332,mp-510401,mp-736,,,
mp-135,mp-21332,mp-504886,mp-510401,,,
mp-1186901,mp-122,mp-135,mp-1960,,,
mp-1195042,mp-12906,mp-135,mp-90,,,
mp-1029498,mp-12906,mp-135,mp-90,,,
mp-1029498,mp-1195042,mp-12906,mp-135,,,
mp-135,mp-15845,mp-2251,mp-530262,,,
mp-1245,mp-135,mp-15845,mp-530262,,,
mp-1195042,mp-1245,mp-135,mp-530262,,,
mp-1029498,mp-1195042,mp-135,mp-530262,,,
mp-1057315,mp-1095642,mp-135,mp-20587,,,
mp-1153,mp-135,mp-1777,mp-20587,,,
mp-1095642,mp-135,mp-1777,mp-20587,,,
mp-135,mp-2605,mp-33,mp-570466,,,
mp-135,mp-1960,mp-2605,mp-33,,,
mp-1184151,mp-135,mp-23703,mp-30228,,,
mp-1184151,mp-135,mp-2251,mp-30228,,,
mp-135,mp-23703,mp-33,mp-625,,,
mp-135,mp-23703,mp-625,mp-981935,,,
mp-1186055,mp-135,mp-2251,mp-569025,,,
mp-122,mp-135,mp-2251,mp-569025,,,
mp-1138,mp-135,mp-568404,mp-981,,,
mp-1195042,mp-135,mp-568404,mp-981,,,
mp-1202486,mp-135,mp-1960,mp-33,,,
mp-1202486,mp-135,mp-1960,mp-2292,,,
mp-1104417,mp-135,mp-2292,mp-26,,,
mp-1104417,mp-1202486,mp-135,mp-2292,,,
mp-122,mp-135,mp-3503,mp-91,,,
mp-122,mp-135,mp-2251,mp-3503,,,
mp-1138,mp-1186055,mp-135,mp-568404,,,
mp-1195042,mp-135,mp-1960,mp-33,,,
mp-1153,mp-135,mp-20587,mp-736,,,
mp-1057315,mp-1211143,mp-135,mp-20587,,,
mp-1211143,mp-135,mp-20587,mp-736,,,
mp-1153,mp-1184151,mp-135,mp-1960,,,
mp-135,mp-1960,mp-23703,mp-2530,,,
mp-135,mp-1934,mp-1960,mp-35,,,
mp-135,mp-1960,mp-29720,mp-510430,,,
mp-1153,mp-135,mp-29720,mp-736,,,
mp-135,mp-2286,mp-573471,mp-736,,,
mp-1184905,mp-135,mp-1960,mp-54,,,
mp-13,mp-135,mp-1960,mp-35,,,
mp-1153,mp-1184905,mp-135,mp-35,,,
mp-135,mp-1960,mp-2074,mp-23,,,
mp-1183837,mp-135,mp-1960,mp-23,,,
mp-1183837,mp-135,mp-1960,mp-54,,,
mp-1197547,mp-135,mp-573471,mp-977380,,,
mp-135,mp-573471,mp-977380,mp-981935,,,
mp-135,mp-1960,mp-2074,mp-35,,,
mp-135,mp-1960,mp-20857,mp-54,,,
mp-1001835,mp-135,mp-1960,mp-20857,,,
mp-135,mp-2530,mp-554098,mp-72,,,
mp-135,mp-1960,mp-2530,mp-554098,,,
mp-135,mp-146,mp-1960,mp-2074,,,
mp-13,mp-135,mp-1960,mp-2074,,,
mp-1077790,mp-13,mp-135,mp-1960,,,
mp-1221162,mp-135,mp-1960,mp-75,,,
mp-1077790,mp-1221162,mp-135,mp-1960,,,
mp-135,mp-1960,mp-2074,mp-54,,,
mp-135,mp-1960,mp-736,mp-91,,,
mp-135,mp-1960,mp-548,mp-75,,,
mp-135,mp-1960,mp-548,mp-90,,,
mp-1021323,mp-13,mp-135,mp-1960,,,
mp-135,mp-1934,mp-1960,mp-554098,,,
mp-1014229,mp-135,mp-554098,mp-72,,,
mp-1014229,mp-135,mp-1934,mp-554098,,,
mp-135,mp-146,mp-1960,mp-20648,,,
mp-135,mp-1960,mp-20648,mp-28731,,,
mp-1021323,mp-135,mp-1960,mp-28731,,,
mp-135,mp-1960,mp-23,mp-2530,,,
mp-1153,mp-1184905,mp-135,mp-146,,,
mp-135,mp-1960,mp-23222,mp-976280,,,
mp-135,mp-1960,mp-23,mp-573471,,,
mp-1001835,mp-135,mp-1960,mp-23222,,,
mp-135,mp-2292,mp-26,mp-35,,,
mp-135,mp-1960,mp-2292,mp-35,,,
mp-135,mp-1777,mp-1960,mp-54,,,
mp-1196316,mp-135,mp-1960,mp-20937,,,
mp-135,mp-1960,mp-723,mp-90,,,
mp-1196316,mp-135,mp-1960,mp-723,,,
mp-1021323,mp-135,mp-1960,mp-20937,,,
mp-13,mp-135,mp-1960,mp-90,,,
mp-11501,mp-135,mp-1960,mp-23,,,
mp-11501,mp-135,mp-1960,mp-35,,,
mp-1087479,mp-135,mp-1960,mp-54,,,
mp-1087479,mp-135,mp-1960,mp-90,,,
mp-13,mp-135,mp-1960,mp-573471,,,
mp-1190809,mp-135,mp-23703,mp-2530,,,
mp-1190809,mp-135,mp-2251,mp-30228,,,
mp-1190809,mp-135,mp-23703,mp-30228,,,
mp-122,mp-135,mp-1960,mp-75,,,
mp-135,mp-146,mp-554098,mp-72,,,
mp-135,mp-146,mp-1960,mp-554098,,,
mp-1187702,mp-135,mp-1960,mp-91,,,
mp-1216231,mp-135,mp-146,mp-1960,,,
mp-1187702,mp-1216231,mp-135,mp-1960,,,
mp-135,mp-1409,mp-1960,mp-23,,,
mp-1067248,mp-135,mp-1409,mp-1960,,,
mp-1067248,mp-135,mp-1960,mp-554098,,,
mp-135,mp-1808,mp-554098,mp-72,,,
mp-1067248,mp-135,mp-1808,mp-554098,,,
mp-135,mp-1960,mp-23222,mp-570935,,,
mp-1202079,mp-135,mp-554098,mp-72,,,
mp-1202079,mp-135,mp-1949,mp-1960,,,
mp-1202079,mp-135,mp-1960,mp-554098,,,
mp-135,mp-1949,mp-1960,mp-35,,,
mp-135,mp-1960,mp-7250,mp-75,,,
mp-135,mp-1960,mp-54,mp-977426,,,
mp-135,mp-1960,mp-7250,mp-977426,,,
mp-13,mp-135,mp-1915,mp-1960,,,
mp-1080525,mp-135,mp-1915,mp-1960,,,
mp-1001835,mp-1080525,mp-135,mp-1960,,,
mp-10485,mp-122,mp-135,mp-1960,,,
mp-10485,mp-135,mp-1960,mp-2074,,,
mp-135,mp-1777,mp-1934,mp-1960,,,
mp-1184151,mp-135,mp-1777,mp-1960,,,
mp-1186899,mp-135,mp-1777,mp-1960,,,
mp-135,mp-33,mp-867816,,,,
mp-135,mp-50,mp-977390,,,,
mp-135,mp-1601,mp-861954,,,,
mp-135,mp-861954,mp-867816,,,,
mp-1218044,mp-135,mp-1601,,,,
mp-1218044,mp-135,mp-977390,,,,
mp-13,mp-135,mp-600561,,,,
mp-135,mp-650,mp-87,,,,
mp-1197547,mp-135,mp-650,,,,
mp-135,mp-162,mp-570438,,,,
mp-135,mp-7396,mp-864769,,,,
mp-135,mp-570438,mp-864769,,,,
mp-135,mp-69,mp-865882,,,,
mp-135,mp-510430,mp-865882,,,,
mp-103,mp-11454,mp-135,,,,
mp-11454,mp-1197547,mp-135,,,,
mp-1001835,mp-135,mp-1777,mp-1960,,,
mp-1195042,mp-1245,mp-13,mp-135,,,
mp-13,mp-135,mp-15845,mp-2251,,,
mp-1245,mp-13,mp-135,mp-15845,,,
mp-122,mp-13,mp-135,mp-2251,,,
mp-1186055,mp-135,mp-1960,mp-757,,,
mp-1184905,mp-135,mp-29210,mp-757,,,
mp-1186055,mp-135,mp-568404,mp-736,,,
mp-135,mp-242,mp-5001,mp-9723,,,
mp-1195042,mp-135,mp-242,mp-9723,,,
mp-1001835,mp-135,mp-242,mp-5001,,,
mp-1195042,mp-1245,mp-135,mp-9723,,,
mp-1245,mp-135,mp-5001,mp-9723,,,
mp-135,mp-15845,mp-2251,mp-5001,,,
mp-1245,mp-135,mp-15845,mp-5001,,,
mp-1077154,mp-135,mp-710,mp-736,,,
mp-135,mp-69,mp-710,mp-980769,,,
mp-1077154,mp-135,mp-710,mp-980769,,,
mp-135,mp-227,mp-736,mp-862658,,,
mp-1077154,mp-135,mp-227,mp-736,,,
mp-135,mp-1960,mp-510430,mp-570935,,,
mp-135,mp-1694,mp-1777,mp-510430,,,
mp-135,mp-162,mp-1694,mp-680653,,,
mp-135,mp-1694,mp-510430,mp-680653,,,
mp-135,mp-279,mp-977561,,,,
mp-1187196,mp-135,mp-50,,,,
mp-1187196,mp-135,mp-977561,,,,
mp-1184151,mp-135,mp-510430,mp-571222,,,
mp-135,mp-510430,mp-571222,mp-976280,,,
mp-1138,mp-135,mp-510430,mp-7396,,,
mp-1186899,mp-135,mp-23295,mp-510430,,,
mp-1185319,mp-135,mp-23295,mp-510430,,,
mp-1001835,mp-1186055,mp-135,mp-1960,mp-954,,
mp-122,mp-135,mp-1960,mp-569025,mp-954,,
mp-1186055,mp-135,mp-1960,mp-569025,mp-954,,
mp-1184151,mp-1195042,mp-13276,mp-135,mp-1960,mp-242,
mp-1184151,mp-13276,mp-135,mp-1960,mp-242,mp-570097,
mp-1184151,mp-135,mp-1960,mp-242,mp-570097,mp-736,
mp-1001835,mp-1184151,mp-135,mp-1960,mp-242,mp-736,
mp-1184151,mp-122,mp-135,mp-1960,mp-736,,
mp-1001835,mp-1184905,mp-135,mp-1960,mp-736,,
mp-1020016,mp-135,mp-29720,mp-567219,mp-686208,,
mp-135,mp-2432,mp-2517,mp-2686,mp-570466,,
mp-1020016,mp-135,mp-37906,mp-567219,mp-686208,,
mp-135,mp-2686,mp-31468,mp-37906,mp-567219,,
mp-135,mp-2251,mp-31468,mp-37906,mp-686208,,
mp-135,mp-31468,mp-37906,mp-567219,mp-686208,,
mp-135,mp-2686,mp-37906,mp-567219,mp-981935,,
mp-135,mp-2686,mp-29720,mp-567219,mp-981935,,
mp-1020016,mp-135,mp-37906,mp-567219,mp-981935,,
mp-1020016,mp-135,mp-29720,mp-567219,mp-981935,,
mp-135,mp-2686,mp-29720,mp-865965,mp-981935,,
mp-1020016,mp-135,mp-37906,mp-686208,mp-981935,,
mp-1020016,mp-135,mp-29720,mp-686208,mp-981935,,
mp-135,mp-2517,mp-2686,mp-865965,mp-981935,,
mp-135,mp-2432,mp-2517,mp-2686,mp-981935,,
mp-135,mp-13944,mp-2251,mp-31468,,,
mp-135,mp-13944,mp-2686,mp-31468,,,
mp-1020031,mp-135,mp-13944,mp-661,,,
mp-1020031,mp-135,mp-2686,mp-570466,,,
mp-1020031,mp-135,mp-13944,mp-2686,,,
mp-1020031,mp-135,mp-568404,mp-661,,,
mp-1020031,mp-135,mp-568404,mp-570466,,,
mp-1001835,mp-1186055,mp-135,mp-1960,mp-736,,
mp-135,mp-15845,mp-1960,mp-2251,mp-686208,,
mp-1195042,mp-1245,mp-135,mp-1960,mp-686208,,
mp-1245,mp-135,mp-15845,mp-1960,mp-686208,,
mp-1195042,mp-135,mp-1960,mp-29720,mp-686208,,
mp-1195042,mp-135,mp-568404,mp-661,,,
mp-1195042,mp-1245,mp-135,mp-13944,,,
mp-1195042,mp-135,mp-13944,mp-661,,,
mp-135,mp-13944,mp-15845,mp-2251,,,
mp-1245,mp-135,mp-13944,mp-15845,,,
mp-1018783,mp-135,mp-242,mp-2542,mp-87,,
mp-135,mp-2080,mp-242,mp-2542,mp-87,,
mp-1001835,mp-1018783,mp-135,mp-1960,mp-242,,
mp-1018783,mp-135,mp-1960,mp-242,mp-2542,,
mp-1195042,mp-135,mp-1960,mp-2080,mp-242,,
mp-135,mp-1960,mp-2080,mp-242,mp-2542,,
mp-1001835,mp-1186899,mp-135,mp-1960,mp-736,,
mp-1153,mp-135,mp-29720,mp-573471,,,
mp-1186901,mp-1195042,mp-135,mp-3838,,,
mp-1195042,mp-1245,mp-135,mp-3838,,,
mp-135,mp-15845,mp-2251,mp-3838,,,
mp-1245,mp-135,mp-15845,mp-3838,,,
mp-13,mp-135,mp-2292,mp-26,,,
mp-13,mp-135,mp-1960,mp-2292,,,
mp-1153,mp-135,mp-1777,mp-1960,,,
mp-1186901,mp-1195042,mp-135,mp-1960,,,
mp-135,mp-1960,mp-23703,mp-568404,mp-976280,,
mp-122,mp-135,mp-1960,mp-316,mp-35,,
mp-122,mp-135,mp-146,mp-1960,mp-864984,,
mp-122,mp-135,mp-1960,mp-316,mp-864984,,
mp-1184905,mp-135,mp-23193,mp-23222,,,
mp-1185319,mp-135,mp-23193,mp-23222,,,
mp-1138,mp-1184905,mp-135,mp-600561,,,
mp-1138,mp-1184905,mp-135,mp-279,,,
mp-1184151,mp-135,mp-573697,mp-99,,,
mp-1185319,mp-1188344,mp-135,mp-99,,,
mp-1188344,mp-135,mp-573697,mp-99,,,
mp-112,mp-1184151,mp-135,mp-571222,,,
mp-112,mp-135,mp-571222,mp-976280,,,
mp-11698,mp-1184151,mp-135,mp-573697,,,
mp-11698,mp-1185319,mp-1188344,mp-135,,,
mp-11698,mp-1188344,mp-135,mp-573697,,,
mp-1059256,mp-1184151,mp-135,mp-571222,,,
mp-1059256,mp-135,mp-571222,mp-976280,,,
mp-1184151,mp-123,mp-135,mp-573697,,,
mp-1185319,mp-1188344,mp-123,mp-135,,,
mp-1188344,mp-123,mp-135,mp-573697,,,
mp-1184151,mp-123,mp-135,mp-571222,,,
mp-123,mp-135,mp-571222,mp-976280,,,
mp-1184151,mp-135,mp-28,mp-614603,,,
mp-135,mp-28,mp-570935,mp-614603,,,
mp-1184151,mp-135,mp-28,mp-571222,,,
mp-135,mp-28,mp-571222,mp-976280,,,
mp-1184151,mp-135,mp-143,mp-573697,,,
mp-1185319,mp-1188344,mp-135,mp-143,,,
mp-1188344,mp-135,mp-143,mp-573697,,,
mp-1059256,mp-1184151,mp-135,mp-614603,,,
mp-1059256,mp-135,mp-570935,mp-614603,,,
mp-1184151,mp-123,mp-135,mp-614603,,,
mp-123,mp-135,mp-570935,mp-614603,,,
mp-1138,mp-1184151,mp-135,mp-28,,,
mp-1184151,mp-135,mp-28,mp-573697,,,
mp-1185319,mp-1188344,mp-135,mp-28,,,
mp-1188344,mp-135,mp-28,mp-573697,,,
mp-1138,mp-1184151,mp-135,mp-23222,,,
mp-1057315,mp-1184151,mp-135,mp-573697,,,
mp-1057315,mp-1185319,mp-1188344,mp-135,,,
mp-1057315,mp-1188344,mp-135,mp-573697,,,
mp-1138,mp-1186899,mp-135,mp-7396,,,
mp-1138,mp-1186899,mp-135,mp-23222,,,
mp-1138,mp-1186899,mp-135,mp-510430,,,
mp-1186899,mp-135,mp-145,mp-23295,,,
mp-1185319,mp-135,mp-145,mp-23295,,,
mp-1186899,mp-135,mp-2074,mp-23295,,,
mp-1185319,mp-135,mp-2074,mp-23295,,,
mp-1186899,mp-135,mp-23295,mp-67,,,
mp-1185319,mp-135,mp-23295,mp-67,,,
mp-112,mp-1138,mp-1186899,mp-135,,,
mp-1186899,mp-135,mp-23222,mp-23295,,,
mp-1185319,mp-135,mp-23222,mp-23295,,,
mp-1186899,mp-135,mp-23295,mp-99,,,
mp-1185319,mp-135,mp-23295,mp-99,,,
mp-1138,mp-1186899,mp-135,mp-2074,,,
mp-112,mp-1186899,mp-135,mp-22867,,,
mp-112,mp-135,mp-22867,mp-976280,,,
mp-1186899,mp-135,mp-143,mp-23295,,,
mp-1185319,mp-135,mp-143,mp-23295,,,
mp-1138,mp-1186899,mp-135,mp-757,,,
mp-1138,mp-1186899,mp-135,mp-600561,,,
mp-1138,mp-1186899,mp-135,mp-33,,,
mp-1138,mp-1186899,mp-135,mp-67,,,
mp-1138,mp-1186899,mp-135,mp-72,,,
mp-135,mp-2074,mp-554098,mp-72,,,
mp-135,mp-1960,mp-2074,mp-554098,,,
mp-13,mp-135,mp-1960,mp-23222,,,
mp-135,mp-1960,mp-23703,mp-570935,,,
mp-1045,mp-1138,mp-123,mp-135,mp-567415,,
mp-1045,mp-1138,mp-135,mp-1632,mp-567415,,
mp-1045,mp-1138,mp-135,mp-1632,mp-1960,,
mp-1001835,mp-1138,mp-135,mp-1632,mp-1960,,
mp-135,mp-679,mp-91,mp-99,,,
mp-10970,mp-135,mp-1960,mp-91,,,
mp-10970,mp-135,mp-679,mp-91,,,
mp-1138,mp-1186899,mp-135,mp-1960,mp-568643,mp-975904,
mp-1021323,mp-1138,mp-135,mp-1960,mp-568643,mp-975904,
mp-1095289,mp-135,mp-23703,mp-757,,,
mp-1095289,mp-135,mp-23703,mp-570466,,,
mp-122,mp-135,mp-757,mp-975904,,,
mp-135,mp-2286,mp-35,mp-573471,,,
mp-1153,mp-135,mp-1777,mp-35,,,
mp-135,mp-17190,mp-5840,mp-67,,,
mp-135,mp-1777,mp-1960,mp-5840,,,
mp-135,mp-17190,mp-1777,mp-5840,,,
mp-1153,mp-135,mp-1960,mp-2251,mp-30228,,
mp-1153,mp-135,mp-1960,mp-23703,mp-30228,,
mp-1045,mp-1184151,mp-123,mp-135,mp-567415,,
mp-1045,mp-1184151,mp-135,mp-1632,mp-567415,,
mp-1045,mp-1184151,mp-135,mp-1632,mp-1960,,
mp-1001835,mp-1184151,mp-135,mp-1632,mp-1960,,
mp-1138,mp-1184905,mp-122,mp-135,mp-1960,mp-568404,mp-954
mp-1001835,mp-1138,mp-1184905,mp-135,mp-1960,mp-568404,mp-954
mp-123,mp-135,mp-2599,mp-2823,,,
mp-135,mp-2599,mp-2823,mp-736,,,
mp-135,mp-2251,mp-2599,mp-736,,,
mp-1184151,mp-135,mp-1960,mp-35,mp-736,,
mp-1045,mp-1186899,mp-123,mp-135,mp-567415,,
mp-1045,mp-1186899,mp-135,mp-1632,mp-567415,,
mp-1045,mp-1186899,mp-135,mp-1632,mp-1960,,
mp-1001835,mp-1186899,mp-135,mp-1632,mp-1960,,
mp-135,mp-1960,mp-23703,mp-573471,,,
mp-1045,mp-1184905,mp-123,mp-135,mp-567415,,
mp-1045,mp-1184905,mp-135,mp-1632,mp-567415,,
mp-1045,mp-1184905,mp-135,mp-1632,mp-1960,,
mp-1001835,mp-1184905,mp-135,mp-1632,mp-1960,,
mp-135,mp-2286,mp-23703,mp-24237,mp-5840,,
mp-135,mp-2286,mp-24237,mp-5840,mp-67,,
mp-135,mp-1960,mp-2286,mp-23703,mp-5840,,
mp-1001835,mp-1184151,mp-135,mp-1960,mp-574275,mp-736,
mp-1153,mp-135,mp-1960,mp-23703,mp-757,,
mp-135,mp-1960,mp-2286,mp-23703,mp-35,,
mp-1138,mp-1186055,mp-135,mp-1960,mp-736,mp-981935,
mp-1059256,mp-1138,mp-1184905,mp-135,,,
mp-1001835,mp-135,mp-1934,mp-23703,mp-981935,,
mp-1138,mp-135,mp-757,mp-972256,,,
mp-1214417,mp-122,mp-135,mp-568404,mp-661,,
mp-1214417,mp-122,mp-135,mp-13944,mp-9610,,
mp-1214417,mp-122,mp-135,mp-13944,mp-661,,
mp-1021323,mp-1214417,mp-135,mp-568404,mp-661,,
mp-1021323,mp-1214417,mp-135,mp-13944,mp-661,,
mp-1021323,mp-1214417,mp-135,mp-13944,mp-9610,,
mp-122,mp-135,mp-13944,mp-2251,mp-9610,,
mp-1105563,mp-1184151,mp-135,mp-1960,mp-28366,,
mp-1001835,mp-1105563,mp-1184151,mp-135,mp-1960,,
mp-1184151,mp-135,mp-1960,mp-21332,mp-28366,,
mp-1184151,mp-135,mp-155,mp-28366,mp-504886,,
mp-1184151,mp-135,mp-21332,mp-28366,mp-504886,,
mp-1184905,mp-129,mp-135,mp-1960,mp-510430,,
mp-1153,mp-1186899,mp-135,mp-1960,mp-23703,,
mp-1138,mp-1186055,mp-13,mp-135,mp-1960,mp-736,
mp-1138,mp-135,mp-1960,mp-35,mp-736,,
mp-135,mp-218,mp-69,mp-710,,,
mp-135,mp-1960,mp-218,mp-736,,,
mp-135,mp-218,mp-710,mp-736,,,
mp-135,mp-2251,mp-30228,mp-37906,mp-5001,,
mp-135,mp-23703,mp-30228,mp-37906,mp-5001,,
mp-135,mp-23703,mp-37906,mp-5001,mp-981935,,
mp-1001835,mp-135,mp-23703,mp-5001,mp-981935,,
mp-1138,mp-1186055,mp-135,mp-1960,mp-23,mp-736,
mp-1057315,mp-1103990,mp-1212961,mp-135,mp-570935,,
mp-1103990,mp-1212961,mp-135,mp-570935,mp-9610,,
mp-1021323,mp-1103990,mp-135,mp-570935,mp-9610,,
mp-1212961,mp-135,mp-2251,mp-675941,mp-9610,,
mp-1212961,mp-135,mp-570935,mp-675941,mp-9610,,
mp-11649,mp-135,mp-23703,mp-2605,mp-35,mp-570466,
mp-11649,mp-135,mp-20211,mp-23703,mp-2605,mp-29720,
mp-11649,mp-135,mp-20211,mp-23703,mp-2605,mp-35,
mp-135,mp-1960,mp-20211,mp-23703,mp-2605,mp-35,
mp-135,mp-1960,mp-20211,mp-23703,mp-2605,mp-29720,
mp-11649,mp-135,mp-20211,mp-23703,mp-2517,mp-570466,
mp-11649,mp-135,mp-20211,mp-23703,mp-35,mp-570466,
mp-11649,mp-135,mp-20211,mp-23703,mp-2517,mp-865965,
mp-11649,mp-135,mp-20211,mp-23703,mp-29720,mp-865965,
mp-1138,mp-1153,mp-135,mp-1934,mp-1960,,
mp-1153,mp-1184151,mp-135,mp-44,mp-736,,
mp-10688,mp-135,mp-2154,mp-28,,,
mp-10688,mp-135,mp-1960,mp-736,,,
mp-10688,mp-135,mp-2154,mp-736,,,
mp-1138,mp-1186055,mp-135,mp-2652,mp-736,mp-9459,mp-994
mp-112,mp-1138,mp-1186055,mp-1334,mp-135,mp-2652,mp-994
mp-1138,mp-1186055,mp-1334,mp-135,mp-2652,mp-9459,mp-994
mp-1138,mp-1186055,mp-1200613,mp-135,mp-2652,mp-7020,mp-736
mp-1138,mp-1186055,mp-1200613,mp-135,mp-2652,mp-736,mp-9459
mp-1138,mp-1186055,mp-1200885,mp-135,mp-1960,mp-7020,mp-736
mp-1138,mp-1186055,mp-1200613,mp-1200885,mp-135,mp-7020,mp-736
mp-1021323,mp-1138,mp-1186055,mp-1200885,mp-135,mp-1960,mp-736
mp-1185319,mp-135,mp-23295,mp-600561,,,
mp-1186899,mp-135,mp-23295,mp-600561,,,
mp-1185319,mp-135,mp-23295,mp-33,,,
mp-1186899,mp-135,mp-23295,mp-33,,,
mp-1138,mp-1184905,mp-135,mp-862658,,,
mp-1138,mp-1186055,mp-135,mp-145,,,
mp-1138,mp-1186055,mp-135,mp-144,,,
mp-1138,mp-1186055,mp-135,mp-143,,,
mp-1138,mp-1186055,mp-135,mp-600561,,,
mp-11219,mp-135,mp-1427,mp-145,,,
mp-11219,mp-135,mp-1427,mp-754605,,,
mp-11219,mp-135,mp-1960,mp-754605,,,
mp-1001835,mp-135,mp-1960,mp-571495,,,
mp-11219,mp-135,mp-1960,mp-571495,,,
mp-135,mp-2292,mp-26,mp-91,,,
mp-135,mp-1960,mp-2292,mp-91,,,
mp-13,mp-135,mp-1777,mp-1960,,,
mp-1184067,mp-135,mp-2345,mp-2530,,,
mp-135,mp-2345,mp-2530,mp-976726,,,
mp-135,mp-1960,mp-2530,mp-976726,,,
mp-1188125,mp-135,mp-218,mp-69,,,
mp-1104159,mp-1188125,mp-135,mp-218,,,
mp-1102438,mp-135,mp-1960,mp-33,,,
mp-1102438,mp-135,mp-1960,mp-218,,,
mp-1102438,mp-1104159,mp-135,mp-218,,,
mp-135,mp-2530,mp-679,mp-99,,,
mp-10970,mp-135,mp-2530,mp-679,,,
mp-10970,mp-135,mp-1960,mp-2530,,,
mp-135,mp-1960,mp-29210,mp-736,,,
mp-1045,mp-1103979,mp-135,mp-1960,,,
mp-1045,mp-1106300,mp-123,mp-135,,,
mp-1045,mp-1103979,mp-1106300,mp-135,,,
mp-1102217,mp-135,mp-1960,mp-33,,,
mp-1102217,mp-1103979,mp-135,mp-1960,,,
mp-1138,mp-135,mp-146,mp-570466,,,
mp-1059256,mp-1105741,mp-135,mp-16705,,,
mp-135,mp-1960,mp-2665,mp-33,,,
mp-1197932,mp-135,mp-1960,mp-2665,,,
mp-1104937,mp-135,mp-16705,mp-1960,,,
mp-1104937,mp-1105741,mp-135,mp-16705,,,
mp-1104937,mp-1197932,mp-135,mp-1960,,,
mp-1057315,mp-135,mp-21394,mp-542583,,,
mp-135,mp-1960,mp-2530,mp-542583,,,
mp-135,mp-1960,mp-21394,mp-542583,,,
mp-135,mp-2542,mp-570935,mp-736,mp-87,,
mp-135,mp-1960,mp-2542,mp-570935,mp-736,,
mp-1056,mp-11698,mp-135,mp-2530,,,
mp-1056,mp-135,mp-2530,mp-7137,,,
mp-135,mp-1960,mp-2530,mp-7137,,,
mp-135,mp-2542,mp-757,mp-87,mp-976280,,
mp-135,mp-1960,mp-2542,mp-757,mp-976280,,
mp-112,mp-135,mp-2530,mp-2652,,,
mp-135,mp-1960,mp-2530,mp-7020,,,
mp-135,mp-2530,mp-2652,mp-7020,,,
mp-135,mp-218,mp-2530,mp-69,,,
mp-135,mp-1960,mp-218,mp-2530,,,
mp-1184905,mp-129,mp-135,mp-218,mp-69,,
mp-1184905,mp-129,mp-135,mp-1960,mp-218,,
mp-135,mp-1934,mp-1960,mp-23703,mp-736,,
mp-1102,mp-135,mp-1427,mp-145,,,
mp-1102,mp-135,mp-1960,mp-2251,,,
mp-1102,mp-135,mp-1427,mp-754605,,,
mp-1102,mp-135,mp-1960,mp-754605,,,
mp-135,mp-155,mp-2530,mp-504886,,,
mp-135,mp-21332,mp-2530,mp-504886,,,
mp-135,mp-1960,mp-21332,mp-2530,,,
mp-1195042,mp-135,mp-1960,mp-30456,,,
mp-135,mp-1960,mp-23222,mp-30456,,,
mp-1025402,mp-135,mp-2251,mp-862658,,,
mp-1025402,mp-135,mp-15845,mp-2251,,,
mp-1025402,mp-1245,mp-135,mp-15845,,,
mp-1025402,mp-1195042,mp-1245,mp-135,,,
mp-1186899,mp-135,mp-20318,mp-23703,mp-35,,
mp-1186899,mp-135,mp-20318,mp-23703,mp-8365,,
mp-1001835,mp-1186899,mp-135,mp-23703,mp-8365,,
mp-1153,mp-1186055,mp-135,mp-1934,,,
mp-135,mp-1960,mp-600561,mp-863727,,,
mp-1018124,mp-135,mp-554098,mp-72,,,
mp-1018124,mp-135,mp-1960,mp-554098,,,
mp-1018124,mp-135,mp-1960,mp-2583,,,
mp-135,mp-1960,mp-2583,mp-863727,,,
mp-1138,mp-135,mp-23,mp-600561,,,
mp-1001835,mp-135,mp-1960,mp-23703,mp-29210,,
mp-135,mp-2686,mp-570466,mp-585949,,,
mp-135,mp-1882,mp-2686,mp-585949,,,
mp-135,mp-1882,mp-2686,mp-31468,,,
mp-135,mp-1882,mp-2251,mp-31468,,,
mp-135,mp-1882,mp-2251,mp-862658,,,
mp-1153,mp-135,mp-570935,mp-757,,,
mp-10961,mp-135,mp-2292,mp-26,mp-567290,,
mp-1202424,mp-135,mp-1960,mp-29720,mp-686208,,
mp-1202424,mp-135,mp-1960,mp-567290,mp-686208,,
mp-1202424,mp-135,mp-1960,mp-29720,mp-567290,,
mp-135,mp-1960,mp-2251,mp-567290,mp-686208,,
mp-1104121,mp-135,mp-1960,mp-2292,mp-567290,,
mp-1104121,mp-135,mp-1960,mp-29720,mp-567290,,
mp-10961,mp-1104121,mp-135,mp-2292,mp-567290,,
mp-135,mp-2252,mp-24237,mp-67,,,
mp-135,mp-2252,mp-23703,mp-24237,,,
mp-1001835,mp-135,mp-2252,mp-23703,,,
mp-135,mp-1960,mp-259,mp-568404,mp-981935,,
mp-129,mp-135,mp-1960,mp-259,mp-981935,,
mp-135,mp-736,mp-975904,mp-981935,,,
mp-135,mp-1960,mp-23703,mp-510430,mp-736,,
mp-13,mp-135,mp-1960,mp-510430,mp-736,,
mp-135,mp-22600,mp-24237,mp-5840,mp-736,,
mp-1188800,mp-135,mp-24237,mp-5840,mp-67,,
mp-1188800,mp-135,mp-22600,mp-24237,mp-5840,,
mp-135,mp-1960,mp-23703,mp-5840,mp-736,,
mp-135,mp-23703,mp-24237,mp-5840,mp-736,,
mp-135,mp-305,mp-31214,mp-554098,mp-72,,
mp-135,mp-1960,mp-305,mp-31214,mp-736,,
mp-135,mp-1960,mp-305,mp-31214,mp-554098,,
mp-135,mp-1960,mp-2454,mp-305,mp-736,,
mp-13,mp-135,mp-1960,mp-2454,mp-736,,
mp-135,mp-1425,mp-31214,mp-554098,mp-72,,
mp-135,mp-1425,mp-1960,mp-31214,mp-736,,
mp-135,mp-1425,mp-1960,mp-31214,mp-554098,,
mp-135,mp-1425,mp-1960,mp-736,mp-90,,
mp-1185319,mp-135,mp-1974,mp-23703,mp-28,,
mp-1001835,mp-1185319,mp-135,mp-1974,mp-23703,,
mp-1138,mp-1186055,mp-135,mp-87,,,
mp-1138,mp-1184151,mp-135,mp-146,,,
mp-135,mp-1960,mp-49,mp-570007,,,
mp-135,mp-1960,mp-218,mp-570007,,,
mp-1190029,mp-135,mp-218,mp-69,,,
mp-135,mp-218,mp-570007,mp-866150,,,
mp-1190029,mp-135,mp-218,mp-866150,,,
mp-1059256,mp-1189967,mp-135,mp-16705,,,
mp-1189967,mp-135,mp-16705,mp-1960,,,
mp-135,mp-1960,mp-49,mp-567339,,,
mp-1189967,mp-135,mp-1960,mp-567339,,,
mp-135,mp-1960,mp-49,mp-569630,,,
mp-1045,mp-135,mp-1960,mp-569630,,,
mp-1045,mp-1188656,mp-123,mp-135,,,
mp-1045,mp-1188656,mp-135,mp-569630,,,
mp-112,mp-1186055,mp-135,mp-2538,mp-2652,,
mp-1186055,mp-135,mp-14208,mp-2538,mp-2652,,
mp-1186055,mp-135,mp-14208,mp-2652,mp-7020,,
mp-1186055,mp-135,mp-14208,mp-1960,mp-7020,,
mp-1186055,mp-135,mp-14208,mp-1960,mp-29720,,
mp-1186899,mp-135,mp-1960,mp-757,,,
mp-1184151,mp-135,mp-1960,mp-757,,,
mp-1153,mp-1184905,mp-1186055,mp-135,mp-1960,,
mp-1138,mp-1186899,mp-135,mp-29210,,,
mp-1138,mp-1184151,mp-1184905,mp-135,mp-29210,,
mp-1214417,mp-122,mp-135,mp-1960,mp-30428,,
mp-1214417,mp-135,mp-1960,mp-30428,mp-862658,,
mp-1021323,mp-1214417,mp-135,mp-1960,mp-862658,,
mp-1186055,mp-1215377,mp-1278,mp-131,mp-135,,
mp-1186055,mp-1215377,mp-1278,mp-135,mp-1960,,
mp-1186055,mp-1207024,mp-1278,mp-135,mp-1960,,
mp-1186055,mp-1207024,mp-135,mp-1960,mp-893,,
mp-1186055,mp-135,mp-1960,mp-29720,mp-893,,
mp-1184905,mp-1215377,mp-1278,mp-131,mp-135,,
mp-1184905,mp-1215377,mp-1278,mp-135,mp-1960,,
mp-1184905,mp-1207024,mp-1278,mp-135,mp-1960,,
mp-1184905,mp-1207024,mp-135,mp-1960,mp-893,,
mp-1184905,mp-135,mp-1960,mp-29720,mp-893,,
mp-1186901,mp-135,mp-2605,mp-2686,mp-3838,,
mp-1186901,mp-135,mp-1960,mp-2605,mp-3838,,
mp-1186901,mp-135,mp-2605,mp-2686,mp-570466,,
mp-135,mp-2605,mp-2686,mp-31468,mp-3838,,
mp-135,mp-1960,mp-2251,mp-31468,mp-3838,,
mp-135,mp-1960,mp-2605,mp-31468,mp-3838,,
mp-1184905,mp-1186055,mp-135,mp-1960,mp-729,mp-90,
mp-1184905,mp-1186055,mp-135,mp-1960,mp-29720,mp-729,
mp-103,mp-1138,mp-135,mp-570466,,,
mp-1195042,mp-135,mp-1960,mp-554098,,,
mp-1195042,mp-135,mp-554098,mp-72,,,
mp-1138,mp-122,mp-135,mp-54,,,
mp-1186055,mp-1186899,mp-135,mp-1960,mp-29720,,
mp-135,mp-146,mp-1960,mp-757,,,
mp-1184151,mp-1184905,mp-1186055,mp-135,mp-1960,mp-29720,
mp-135,mp-1934,mp-1960,mp-757,,,
mp-1056,mp-11698,mp-135,mp-645,,,
mp-1056,mp-135,mp-645,mp-736,,,
mp-135,mp-1960,mp-7137,mp-736,,,
mp-1056,mp-135,mp-7137,mp-736,,,
mp-1186899,mp-135,mp-1934,mp-1960,,,
mp-1186899,mp-135,mp-1960,mp-90,,,
mp-1216,mp-135,mp-162,mp-91,,,
mp-1216,mp-135,mp-1960,mp-91,,,
mp-135,mp-1960,mp-20318,mp-35,,,
mp-135,mp-1960,mp-20318,mp-8365,,,
mp-1001835,mp-135,mp-1960,mp-8365,,,
mp-135,mp-1960,mp-35,mp-757,,,
mp-135,mp-1777,mp-1960,mp-23,,,
mp-1138,mp-13,mp-135,mp-35,,,
mp-1138,mp-1186899,mp-13,mp-135,,,
mp-1184905,mp-135,mp-1960,mp-23222,,,
mp-1186899,mp-135,mp-1960,mp-22903,,,
mp-135,mp-1960,mp-22903,mp-570935,,,
mp-1185319,mp-135,mp-1960,mp-29720,mp-568404,,
mp-1184905,mp-135,mp-23703,mp-568404,,,
mp-135,mp-1777,mp-1960,mp-23703,mp-975904,,
mp-1186055,mp-135,mp-23703,mp-568404,,,
mp-135,mp-1960,mp-23,mp-23703,mp-736,,
mp-135,mp-1960,mp-23703,mp-54,mp-736,,
mp-135,mp-1960,mp-23222,mp-736,,,
mp-1186055,mp-135,mp-1960,mp-54,,,
mp-1184905,mp-1186055,mp-135,mp-2108,mp-305,mp-554098,mp-72
mp-1184905,mp-1186055,mp-135,mp-1960,mp-2108,mp-305,mp-866141
mp-1184905,mp-1186055,mp-135,mp-1960,mp-2108,mp-305,mp-554098
mp-1184905,mp-1186055,mp-135,mp-1960,mp-2454,mp-305,mp-866141
mp-1184905,mp-1186055,mp-13,mp-135,mp-1960,mp-2454,mp-866141
mp-1184905,mp-1186055,mp-13,mp-135,mp-1960,mp-2199,mp-866141
mp-1184905,mp-1186055,mp-135,mp-1960,mp-2108,mp-29720,mp-866141
mp-1184905,mp-1186055,mp-135,mp-1960,mp-2199,mp-29720,mp-866141
mp-1184151,mp-135,mp-146,mp-1960,,,
mp-1079585,mp-1195042,mp-135,mp-75,,,
mp-1079585,mp-1195042,mp-135,mp-14827,,,
mp-1195042,mp-1245,mp-135,mp-14827,,,
mp-135,mp-14827,mp-15845,mp-2251,,,
mp-1245,mp-135,mp-14827,mp-15845,,,
mp-1184151,mp-129,mp-135,mp-1960,,,
mp-135,mp-1960,mp-2157,mp-91,,,
mp-135,mp-1960,mp-2157,mp-54,,,
mp-1153,mp-1186899,mp-135,mp-75,,,
mp-1138,mp-1186901,mp-135,mp-1960,,,
mp-1184905,mp-135,mp-1934,mp-1960,mp-736,,
mp-1185319,mp-135,mp-1960,mp-29210,mp-29720,,
mp-1211088,mp-135,mp-2605,mp-35,mp-570466,,
mp-135,mp-1960,mp-2605,mp-35,mp-736,,
mp-1211088,mp-135,mp-2605,mp-35,mp-736,,
mp-1153,mp-1186055,mp-135,mp-72,,,
mp-135,mp-2542,mp-736,mp-87,mp-976280,,
mp-135,mp-1960,mp-2542,mp-736,mp-976280,,
mp-135,mp-1777,mp-1960,mp-568404,mp-976280,,
mp-11649,mp-135,mp-2517,mp-570466,mp-7084,,
mp-11649,mp-1195042,mp-135,mp-570466,mp-7084,,
mp-11649,mp-1195042,mp-135,mp-2605,mp-570466,,
mp-11649,mp-1195042,mp-135,mp-2605,mp-7084,,
mp-11649,mp-135,mp-2517,mp-7084,mp-865965,,
mp-1195042,mp-135,mp-2605,mp-29720,mp-7084,,
mp-1195042,mp-135,mp-1960,mp-2605,mp-29720,,
mp-11649,mp-135,mp-2605,mp-29720,mp-7084,,
mp-11649,mp-135,mp-29720,mp-7084,mp-865965,,
mp-1184151,mp-135,mp-1960,mp-29210,,,
mp-1153,mp-135,mp-1934,mp-573471,,,
mp-1057315,mp-1211143,mp-135,mp-21394,,,
mp-1211143,mp-135,mp-1960,mp-21394,,,
mp-1211143,mp-135,mp-1960,mp-736,,,
mp-135,mp-1960,mp-29210,mp-29720,mp-976280,,
mp-1185319,mp-135,mp-1777,mp-1960,mp-568404,,
mp-135,mp-1960,mp-29210,mp-29720,mp-570935,,
mp-135,mp-1777,mp-1960,mp-568404,mp-570935,,
mp-1138,mp-1186899,mp-135,mp-23703,mp-24286,,
mp-1138,mp-1186899,mp-131,mp-135,mp-697179,,
mp-1138,mp-1186899,mp-135,mp-24286,mp-697179,,
mp-1138,mp-135,mp-2292,mp-26,mp-4511,,
mp-1138,mp-135,mp-2350,mp-26,mp-4511,,
mp-1138,mp-135,mp-1960,mp-2292,mp-4511,,
mp-1138,mp-1153,mp-135,mp-1960,mp-4511,,
mp-1138,mp-1153,mp-135,mp-2350,mp-4511,,
mp-1001835,mp-1186055,mp-135,mp-1960,mp-23703,mp-29720,
mp-1184905,mp-135,mp-146,mp-1960,,,
mp-129,mp-135,mp-1960,mp-510430,mp-981935,,
mp-1186055,mp-129,mp-135,mp-1960,mp-736,,
mp-135,mp-146,mp-1777,mp-1960,,,
mp-1184905,mp-1186055,mp-135,mp-1960,mp-4495,,
mp-1186055,mp-135,mp-1960,mp-2530,mp-4495,,
mp-1138,mp-135,mp-1845,mp-2542,mp-29720,mp-87,
mp-1138,mp-11649,mp-135,mp-1845,mp-2605,mp-570466,
mp-1138,mp-11649,mp-135,mp-1845,mp-2517,mp-570466,
mp-1138,mp-11649,mp-135,mp-1845,mp-2605,mp-29720,
mp-1138,mp-135,mp-1845,mp-1960,mp-2605,mp-29720,
mp-1138,mp-135,mp-1845,mp-1960,mp-2542,mp-29720,
mp-1138,mp-11649,mp-135,mp-1845,mp-2517,mp-865965,
mp-1138,mp-11649,mp-135,mp-1845,mp-29720,mp-865965,
mp-1185319,mp-135,mp-2542,mp-757,mp-87,,
mp-1185319,mp-135,mp-1960,mp-2542,mp-757,,
mp-135,mp-1777,mp-1960,mp-50,,,
mp-135,mp-1960,mp-23703,mp-44,mp-736,,
mp-129,mp-135,mp-1960,mp-44,,,
mp-1185319,mp-135,mp-1960,mp-2542,mp-736,,
mp-1185319,mp-135,mp-2542,mp-736,mp-87,,
mp-1138,mp-1184151,mp-1184905,mp-13,mp-135,,
mp-1059256,mp-1138,mp-135,mp-343,mp-683,,
mp-1138,mp-135,mp-2251,mp-343,mp-9610,,
mp-1021323,mp-1138,mp-135,mp-343,mp-683,,
mp-1021323,mp-1138,mp-135,mp-343,mp-9610,,
mp-1185319,mp-129,mp-13,mp-135,mp-1960,,
mp-135,mp-1960,mp-54,mp-867293,,,
mp-135,mp-1960,mp-29720,mp-867293,,,
mp-1245,mp-135,mp-15845,mp-29210,,,
mp-1195042,mp-1245,mp-135,mp-29210,,,
mp-135,mp-15845,mp-2251,mp-29210,,,
mp-1212961,mp-135,mp-29025,mp-9610,mp-976280,,
mp-1057315,mp-1103990,mp-1212961,mp-135,mp-976280,,
mp-1103990,mp-1212961,mp-135,mp-9610,mp-976280,,
mp-1212961,mp-135,mp-2251,mp-28989,mp-9610,,
mp-1212961,mp-135,mp-28989,mp-29025,mp-9610,,
mp-1021323,mp-1103990,mp-135,mp-9610,mp-976280,,
mp-1195042,mp-1245,mp-135,mp-54,,,
mp-1245,mp-135,mp-15845,mp-54,,,
mp-135,mp-15845,mp-2251,mp-54,,,
mp-135,mp-16264,mp-2074,mp-981935,,,
mp-135,mp-16264,mp-2432,mp-570466,,,
mp-135,mp-16264,mp-2432,mp-981935,,,
mp-1208630,mp-12317,mp-135,mp-23056,mp-9610,,
mp-135,mp-23056,mp-567744,mp-569782,mp-976280,,
mp-1208630,mp-135,mp-567744,mp-569782,mp-976280,,
mp-1208630,mp-135,mp-23056,mp-567744,mp-569782,,
mp-135,mp-23056,mp-569782,mp-9610,mp-976280,,
mp-1208630,mp-135,mp-569782,mp-9610,mp-976280,,
mp-1208630,mp-135,mp-23056,mp-569782,mp-9610,,
mp-1195042,mp-1208630,mp-12317,mp-135,mp-23056,,
mp-1195042,mp-1208630,mp-135,mp-23056,mp-567744,,
mp-1021323,mp-1208630,mp-135,mp-9610,mp-976280,,
mp-135,mp-15845,mp-2251,mp-23056,mp-9610,,
mp-135,mp-23056,mp-29025,mp-9610,mp-976280,,
mp-1195042,mp-12317,mp-1245,mp-135,mp-23056,,
mp-12317,mp-1245,mp-135,mp-23056,mp-9610,,
mp-1245,mp-135,mp-15845,mp-23056,mp-9610,,
mp-135,mp-2251,mp-23056,mp-28989,mp-9610,,
mp-135,mp-23056,mp-28989,mp-29025,mp-9610,,
mp-122,mp-135,mp-29720,mp-981935,,,
mp-135,mp-304,mp-510430,mp-867211,,,
mp-135,mp-304,mp-570466,mp-867211,,,
mp-135,mp-1777,mp-304,mp-510430,,,
mp-135,mp-1777,mp-2576,mp-510430,,,
mp-1195042,mp-135,mp-2576,mp-510430,,,
mp-1184151,mp-135,mp-2251,mp-279,mp-9610,,
mp-1184151,mp-135,mp-279,mp-28861,mp-9610,,
mp-1021323,mp-135,mp-279,mp-28861,mp-9610,,
mp-1045,mp-1184905,mp-123,mp-129,mp-135,,
mp-1045,mp-1184905,mp-129,mp-135,mp-1960,,
mp-135,mp-1960,mp-35,mp-981935,,,
mp-1138,mp-135,mp-1352,mp-23703,mp-3216,,
mp-1014265,mp-1138,mp-135,mp-23703,mp-24286,,
mp-1014265,mp-1138,mp-131,mp-135,mp-697179,,
mp-1014265,mp-1138,mp-135,mp-24286,mp-697179,,
mp-1014265,mp-1138,mp-135,mp-1352,mp-674456,,
mp-1138,mp-135,mp-1352,mp-23703,mp-674456,,
mp-1014265,mp-1138,mp-135,mp-23703,mp-674456,,
mp-1138,mp-135,mp-2251,mp-30228,mp-3216,,
mp-1138,mp-135,mp-23703,mp-30228,mp-3216,,
mp-1045,mp-1186899,mp-135,mp-1960,mp-2286,mp-23295,
mp-1045,mp-1185319,mp-135,mp-1960,mp-2286,mp-23295,
mp-1045,mp-1186899,mp-123,mp-135,mp-13971,mp-23295,
mp-1186899,mp-123,mp-135,mp-13971,mp-2286,mp-23295,
mp-1045,mp-1186899,mp-135,mp-13971,mp-2286,mp-23295,
mp-1045,mp-1185319,mp-123,mp-135,mp-13971,mp-23295,
mp-1185319,mp-123,mp-135,mp-13971,mp-2286,mp-23295,
mp-1045,mp-1185319,mp-135,mp-13971,mp-2286,mp-23295,
mp-1001835,mp-1184151,mp-1186055,mp-135,mp-1960,,
mp-135,mp-554098,mp-72,mp-757,,,
mp-135,mp-1960,mp-554098,mp-757,,,
mp-1001835,mp-135,mp-1960,mp-975904,,,
mp-1138,mp-1184905,mp-135,mp-87,,,
mp-1138,mp-1184905,mp-135,mp-2108,mp-2605,mp-570466,mp-72
mp-1138,mp-11649,mp-1184905,mp-135,mp-2108,mp-2517,mp-570466
mp-1138,mp-11649,mp-1184905,mp-135,mp-2108,mp-2605,mp-570466
mp-1138,mp-1184905,mp-135,mp-2108,mp-2605,mp-554098,mp-72
mp-1138,mp-1184905,mp-135,mp-1960,mp-2108,mp-2605,mp-554098
mp-1138,mp-11649,mp-1184905,mp-135,mp-2108,mp-2517,mp-865965
mp-1138,mp-1184905,mp-135,mp-1960,mp-2108,mp-2605,mp-29720
mp-1138,mp-11649,mp-1184905,mp-135,mp-2108,mp-2605,mp-29720
mp-1138,mp-11649,mp-1184905,mp-135,mp-2108,mp-29720,mp-865965
mp-1185319,mp-135,mp-1960,mp-23703,mp-568404,,
mp-1184905,mp-135,mp-568404,mp-736,,,
mp-1059256,mp-1186899,mp-135,mp-16705,mp-23295,mp-4764,
mp-1059256,mp-1186899,mp-135,mp-2286,mp-23295,mp-4764,
mp-1059256,mp-1185319,mp-135,mp-16705,mp-23295,mp-4764,
mp-1059256,mp-1185319,mp-135,mp-2286,mp-23295,mp-4764,
mp-1186899,mp-135,mp-16705,mp-1960,mp-23295,mp-4764,
mp-1186899,mp-135,mp-1960,mp-2286,mp-23295,mp-4764,
mp-1185319,mp-135,mp-16705,mp-1960,mp-23295,mp-4764,
mp-1185319,mp-135,mp-1960,mp-2286,mp-23295,mp-4764,
mp-135,mp-1777,mp-1960,mp-75,,,
mp-1138,mp-1186055,mp-135,mp-510430,,,
mp-1186055,mp-135,mp-1934,mp-1960,mp-736,,
mp-1045,mp-135,mp-1960,mp-2530,,,
mp-123,mp-135,mp-2530,mp-5459,,,
mp-1045,mp-123,mp-135,mp-5459,,,
mp-1045,mp-135,mp-2530,mp-5459,,,
mp-135,mp-5001,mp-6799,mp-865,,,
mp-1213975,mp-135,mp-6799,mp-865,,,
mp-1213975,mp-135,mp-570466,mp-6799,,,
mp-135,mp-2686,mp-570466,mp-6799,,,
mp-135,mp-2686,mp-5001,mp-6799,,,
mp-1001835,mp-135,mp-5001,mp-865,,,
mp-135,mp-2686,mp-31468,mp-5001,,,
mp-135,mp-2251,mp-31468,mp-5001,,,
mp-1057315,mp-1185319,mp-1190061,mp-135,mp-21394,,
mp-1185319,mp-1190061,mp-135,mp-1960,mp-21394,,
mp-1185319,mp-1190061,mp-135,mp-1960,mp-29720,,
mp-1184905,mp-135,mp-1960,mp-29720,mp-573471,,
mp-1184905,mp-135,mp-1960,mp-50,mp-736,,
mp-135,mp-1960,mp-23703,mp-568404,mp-771,,
mp-135,mp-1960,mp-23703,mp-35,mp-771,,
mp-1184151,mp-135,mp-1960,mp-23703,,,
mp-135,mp-1960,mp-2286,mp-23703,mp-975904,,
mp-1153,mp-1184905,mp-135,mp-1960,mp-23703,,
mp-135,mp-1777,mp-2286,mp-736,,,
mp-135,mp-2286,mp-29720,mp-736,,,
mp-135,mp-2292,mp-24153,mp-26,mp-567290,,
mp-135,mp-1960,mp-2292,mp-23703,mp-567290,,
mp-135,mp-1960,mp-2251,mp-30228,mp-567290,,
mp-135,mp-1960,mp-23703,mp-30228,mp-567290,,
mp-135,mp-23703,mp-24153,mp-28255,mp-567290,,
mp-135,mp-2292,mp-24153,mp-28255,mp-567290,,
mp-135,mp-2292,mp-23703,mp-28255,mp-567290,,
mp-1184905,mp-129,mp-135,mp-1960,mp-35,,
mp-1025402,mp-1195042,mp-1208630,mp-135,mp-1960,,
mp-1025402,mp-1208630,mp-135,mp-1960,mp-862658,,
mp-1021323,mp-1208630,mp-135,mp-1960,mp-862658,,
mp-1187696,mp-135,mp-1960,mp-23703,mp-736,mp-90,
mp-1187695,mp-135,mp-146,mp-1960,mp-23703,mp-736,
mp-1187696,mp-1216394,mp-135,mp-1960,mp-23703,mp-736,
mp-1187695,mp-1216394,mp-135,mp-1960,mp-23703,mp-736,
mp-1185319,mp-135,mp-1960,mp-23222,,,
mp-1079399,mp-135,mp-146,mp-1960,mp-23703,mp-736,
mp-13,mp-135,mp-1960,mp-23703,mp-736,mp-866134,
mp-1079399,mp-135,mp-1960,mp-23703,mp-736,mp-866134,
mp-1153,mp-135,mp-2251,mp-30228,mp-736,,
mp-1153,mp-135,mp-23703,mp-30228,mp-736,,
mp-1138,mp-1187696,mp-135,mp-1960,mp-736,mp-90,
mp-1138,mp-1187695,mp-135,mp-146,mp-1960,mp-736,
mp-1138,mp-1187696,mp-1216394,mp-135,mp-1960,mp-736,
mp-1138,mp-1187695,mp-1216394,mp-135,mp-1960,mp-736,
mp-135,mp-1777,mp-1960,mp-2605,,,
mp-135,mp-17193,mp-2605,mp-570466,,,
mp-135,mp-17193,mp-304,mp-570466,,,
mp-135,mp-17193,mp-1777,mp-304,,,
mp-135,mp-17193,mp-1777,mp-2605,,,
mp-1184905,mp-135,mp-1960,mp-35,mp-542830,mp-736,
mp-1184905,mp-135,mp-1960,mp-28930,mp-542830,mp-736,
mp-1021323,mp-135,mp-1960,mp-28930,mp-542830,mp-736,
mp-1185970,mp-135,mp-1960,mp-54,,,
mp-1185970,mp-135,mp-1960,mp-35,,,
mp-1079399,mp-1138,mp-135,mp-146,mp-1960,mp-736,
mp-1138,mp-13,mp-135,mp-1960,mp-736,mp-866134,
mp-1079399,mp-1138,mp-135,mp-1960,mp-736,mp-866134,
mp-1191331,mp-135,mp-554098,mp-72,,,
mp-1191331,mp-135,mp-1960,mp-823,,,
mp-1191331,mp-135,mp-1960,mp-554098,,,
mp-135,mp-1960,mp-608,mp-823,,,
mp-135,mp-1960,mp-54,mp-608,,,
mp-12659,mp-135,mp-1960,mp-75,,,
mp-12659,mp-135,mp-1960,mp-35,,,
mp-1184905,mp-135,mp-1960,mp-23,,,
mp-1186055,mp-1186899,mp-135,mp-554098,mp-72,,
mp-1186055,mp-1186899,mp-135,mp-1960,mp-554098,,
mp-135,mp-554098,mp-72,mp-981935,,,
mp-135,mp-1960,mp-554098,mp-981935,,,
mp-1153,mp-1184905,mp-135,mp-1934,,,
mp-135,mp-1960,mp-2074,mp-90,,,
mp-1187695,mp-135,mp-146,mp-1960,mp-573471,,
mp-1187696,mp-135,mp-1960,mp-573471,mp-90,,
mp-1187695,mp-1216394,mp-135,mp-1960,mp-573471,,
mp-1187696,mp-1216394,mp-135,mp-1960,mp-573471,,
mp-11698,mp-135,mp-1837,mp-645,,,
mp-135,mp-1527,mp-1837,mp-645,,,
mp-11363,mp-135,mp-736,mp-862658,,,
mp-11363,mp-135,mp-1527,mp-736,,,
mp-135,mp-1527,mp-645,mp-736,,,
mp-1184151,mp-135,mp-554098,mp-72,,,
mp-1184151,mp-135,mp-1960,mp-554098,,,
mp-1232420,mp-135,mp-23703,mp-279,,,
mp-1232420,mp-135,mp-23703,mp-981935,,,
mp-135,mp-2251,mp-2286,mp-30228,mp-757,,
mp-135,mp-2286,mp-23703,mp-30228,mp-757,,
mp-1186899,mp-135,mp-2251,mp-2286,mp-30228,,
mp-1186899,mp-135,mp-2286,mp-23703,mp-30228,,
mp-135,mp-1960,mp-2530,mp-573471,,,
mp-1195042,mp-135,mp-1960,mp-2252,mp-242,,
mp-1195042,mp-135,mp-1960,mp-2252,mp-5840,,
mp-1195042,mp-135,mp-2252,mp-5840,mp-67,,
mp-1001835,mp-135,mp-1960,mp-2252,mp-242,,
mp-1153,mp-13,mp-135,mp-1960,mp-23703,,
mp-1186055,mp-135,mp-29210,mp-757,,,
mp-1195042,mp-1245,mp-135,mp-14753,mp-981,,
mp-1138,mp-1245,mp-135,mp-14753,mp-981,,
mp-1138,mp-135,mp-14753,mp-15845,mp-2251,,
mp-1138,mp-1245,mp-135,mp-14753,mp-15845,,
mp-1079438,mp-1138,mp-135,mp-50,mp-981,,
mp-1079438,mp-1195042,mp-135,mp-50,mp-981,,
mp-1079438,mp-1138,mp-135,mp-14753,mp-981,,
mp-1079438,mp-1195042,mp-135,mp-14753,mp-981,,
mp-1185319,mp-135,mp-510430,mp-7396,,,
mp-1138,mp-1184151,mp-1186055,mp-135,,,
mp-1138,mp-1184151,mp-135,mp-7396,,,
mp-1138,mp-135,mp-29210,mp-7396,,,
